id,exercise_type,start_time,end_time,duration_minutes,calories_burned,distance_km,session_date,created_at,updated_at,session_date_readable,start_time_readable,end_time_readable,created_at_readable,updated_at_readable
1,walk,2025-09-24 06:50:44.903000+00:00,2025-09-24 07:17:21.801000+00:00,26.61,73.31,1.065,2025-09-24,2025-09-24 06:50:45.725000+00:00,2025-09-24,2025-09-24,2025-09-24 06:50:44,2025-09-24 07:17:21,2025-09-24 06:50:45,2025-09-24
2,walk,2025-09-24 02:22:53.460000+00:00,2025-09-24 02:44:55.099000+00:00,22.03,60.61,0.881,2025-09-24,2025-09-24 02:22:53.992000+00:00,2025-09-24,2025-09-24,2025-09-24 02:22:53,2025-09-24 02:44:55,2025-09-24 02:22:53,2025-09-24
3,walk,2025-09-24 01:09:09.656000+00:00,2025-09-24 01:47:07.511000+00:00,37.96,104.72,1.519,2025-09-24,2025-09-24 01:09:09.838000+00:00,2025-09-24,2025-09-24,2025-09-24 01:09:09,2025-09-24 01:47:07,2025-09-24 01:09:09,2025-09-24
4,walk,2025-09-23 17:08:29.018000+00:00,2025-09-23 17:36:02.725000+00:00,27.56,75.93,1.102,2025-09-23,2025-09-23 17:08:28.918000+00:00,2025-09-23,2025-09-23,2025-09-23 17:08:29,2025-09-23 17:36:02,2025-09-23 17:08:28,2025-09-23
5,walk,2025-09-23 02:44:20.856000+00:00,2025-09-23 02:58:25.672000+00:00,14.08,38.61,0.563,2025-09-23,2025-09-23 02:44:21.080000+00:00,2025-09-23,2025-09-23,2025-09-23 02:44:20,2025-09-23 02:58:25,2025-09-23 02:44:21,2025-09-23
6,walk,2025-09-23 02:24:06.321000+00:00,2025-09-23 02:31:00.973000+00:00,6.91,18.77,0.276,2025-09-23,2025-09-23 02:24:06.197000+00:00,2025-09-23,2025-09-23,2025-09-23 02:24:06,2025-09-23 02:31:00,2025-09-23 02:24:06,2025-09-23
7,walk,2025-09-23 00:52:25.771000+00:00,2025-09-23 01:44:36.897000+00:00,52.19,144.09,2.087,2025-09-23,2025-09-23 00:52:25.641000+00:00,2025-09-23,2025-09-23,2025-09-23 00:52:25,2025-09-23 01:44:36,2025-09-23 00:52:25,2025-09-23
8,walk,2025-09-22 23:43:29.671000+00:00,2025-09-23 00:52:16.067000+00:00,68.77,190.00,2.751,2025-09-23,2025-09-22 23:43:29.559000+00:00,2025-09-23,2025-09-23,2025-09-22 23:43:29,2025-09-23 00:52:16,2025-09-22 23:43:29,2025-09-23
9,walk,2025-09-20 04:33:47.965000+00:00,2025-09-20 05:05:14.018000+00:00,31.43,86.65,1.257,2025-09-20,2025-09-20 04:33:48.217000+00:00,2025-09-20,2025-09-20,2025-09-20 04:33:47,2025-09-20 05:05:14,2025-09-20 04:33:48,2025-09-20
10,walk,2025-09-16 16:41:33.271000+00:00,2025-09-16 17:37:58.118000+00:00,56.41,155.79,2.257,2025-09-16,2025-09-16 16:41:33.660000+00:00,2025-09-16,2025-09-16,2025-09-16 16:41:33,2025-09-16 17:37:58,2025-09-16 16:41:33,2025-09-16
11,walk,2025-09-16 13:35:29.198000+00:00,2025-09-16 14:10:14.146000+00:00,34.75,95.82,1.390,2025-09-16,2025-09-16 13:35:28.754000+00:00,2025-09-16,2025-09-16,2025-09-16 13:35:29,2025-09-16 14:10:14,2025-09-16 13:35:28,2025-09-16
12,walk,2025-09-10 17:42:55.829000+00:00,2025-09-10 17:49:22.468000+00:00,6.44,17.48,0.258,2025-09-10,2025-09-10 17:42:56.376000+00:00,2025-09-10,2025-09-10,2025-09-10 17:42:55,2025-09-10 17:49:22,2025-09-10 17:42:56,2025-09-10
13,walk,2025-09-10 17:23:08.889000+00:00,2025-09-10 17:41:05.057000+00:00,17.94,49.29,0.717,2025-09-10,2025-09-10 17:23:09.049000+00:00,2025-09-10,2025-09-10,2025-09-10 17:23:08,2025-09-10 17:41:05,2025-09-10 17:23:09,2025-09-10
14,walk,2025-09-10 16:35:10.913000+00:00,2025-09-10 16:43:23.942000+00:00,8.22,22.38,0.329,2025-09-10,2025-09-10 16:35:11.611000+00:00,2025-09-10,2025-09-10,2025-09-10 16:35:10,2025-09-10 16:43:23,2025-09-10 16:35:11,2025-09-10
15,walk,2025-09-10 16:22:33.847000+00:00,2025-09-10 16:34:23.524000+00:00,11.83,32.38,0.473,2025-09-10,2025-09-10 16:22:34.054000+00:00,2025-09-10,2025-09-10,2025-09-10 16:22:33,2025-09-10 16:34:23,2025-09-10 16:22:34,2025-09-10
16,walk,2025-09-10 16:08:34.511000+00:00,2025-09-10 16:19:47.393000+00:00,11.21,30.68,0.449,2025-09-10,2025-09-10 16:08:34.646000+00:00,2025-09-10,2025-09-10,2025-09-10 16:08:34,2025-09-10 16:19:47,2025-09-10 16:08:34,2025-09-10
17,walk,2025-09-10 15:42:12.481000+00:00,2025-09-10 16:08:22.153000+00:00,26.16,72.05,1.046,2025-09-10,2025-09-10 15:42:12.687000+00:00,2025-09-10,2025-09-10,2025-09-10 15:42:12,2025-09-10 16:08:22,2025-09-10 15:42:12,2025-09-10
18,walk,2025-09-10 15:33:19.860000+00:00,2025-09-10 15:42:03.207000+00:00,8.72,23.78,0.349,2025-09-10,2025-09-10 15:33:20.026000+00:00,2025-09-10,2025-09-10,2025-09-10 15:33:19,2025-09-10 15:42:03,2025-09-10 15:33:20,2025-09-10
19,walk,2025-09-10 15:14:44.032000+00:00,2025-09-10 15:32:54.675000+00:00,18.18,49.95,0.727,2025-09-10,2025-09-10 15:14:44.356000+00:00,2025-09-10,2025-09-10,2025-09-10 15:14:44,2025-09-10 15:32:54,2025-09-10 15:14:44,2025-09-10
20,walk,2025-09-10 15:06:20.542000+00:00,2025-09-10 15:11:15.196000+00:00,4.91,13.23,0.196,2025-09-10,2025-09-10 15:06:20.743000+00:00,2025-09-10,2025-09-10,2025-09-10 15:06:20,2025-09-10 15:11:15,2025-09-10 15:06:20,2025-09-10
21,vr,2025-09-04 12:03:52.765000+00:00,2025-09-04 12:42:01.957000+00:00,38.15,228.92,,2025-09-04,2025-09-04 12:03:53.076000+00:00,2025-09-04,2025-09-04,2025-09-04 12:03:52,2025-09-04 12:42:01,2025-09-04 12:03:53,2025-09-04
22,walk,2025-09-04 11:31:53.763000+00:00,2025-09-04 11:31:54.610000+00:00,0.01,0.00,0.001,2025-09-04,2025-09-04 11:31:54.105000+00:00,2025-09-04,2025-09-04,2025-09-04 11:31:53,2025-09-04 11:31:54,2025-09-04 11:31:54,2025-09-04
23,walk,2025-08-29 12:11:00.513000+00:00,2025-08-29 12:11:03.786000+00:00,0.05,0.00,0.002,2025-08-29,2025-08-29 12:11:00.789000+00:00,2025-08-29,2025-08-29,2025-08-29 12:11:00,2025-08-29 12:11:03,2025-08-29 12:11:00,2025-08-29
24,walk,2025-08-28 14:22:01.416000+00:00,2025-08-28 14:41:59.577000+00:00,19.97,54.91,0.799,2025-08-28,2025-08-28 14:22:02.036000+00:00,2025-08-28,2025-08-28,2025-08-28 14:22:01,2025-08-28 14:41:59,2025-08-28 14:22:02,2025-08-28
25,walk,2025-08-27 23:09:58.781000+00:00,2025-08-28 00:30:53.588000+00:00,80.91,223.61,3.237,2025-08-28,2025-08-27 23:10:01.508000+00:00,2025-08-28,2025-08-28,2025-08-27 23:09:58,2025-08-28 00:30:53,2025-08-27 23:10:01,2025-08-28
26,walk,2025-08-27 19:57:01.611000+00:00,2025-08-27 20:08:58.729000+00:00,11.95,32.72,0.478,2025-08-27,2025-08-27 19:57:04.622000+00:00,2025-08-27,2025-08-27,2025-08-27 19:57:01,2025-08-27 20:08:58,2025-08-27 19:57:04,2025-08-27
27,walk,2025-08-27 18:42:12.667000+00:00,2025-08-27 18:57:55.858000+00:00,15.72,43.15,0.629,2025-08-27,2025-08-27 18:42:15.642000+00:00,2025-08-27,2025-08-27,2025-08-27 18:42:12,2025-08-27 18:57:55,2025-08-27 18:42:15,2025-08-27
28,walk,2025-08-27 18:32:55.378000+00:00,2025-08-27 18:35:17.402000+00:00,2.37,6.19,0.095,2025-08-27,2025-08-27 18:32:58.014000+00:00,2025-08-27,2025-08-27,2025-08-27 18:32:55,2025-08-27 18:35:17,2025-08-27 18:32:58,2025-08-27
29,walk,2025-08-27 12:44:14.063000+00:00,2025-08-27 12:44:15.348000+00:00,0.02,0.00,0.001,2025-08-27,2025-08-27 12:44:14.665000+00:00,2025-08-27,2025-08-27,2025-08-27 12:44:14,2025-08-27 12:44:15,2025-08-27 12:44:14,2025-08-27
30,walk,2025-08-18 07:26:24.904000+00:00,2025-08-18 07:26:27.171000+00:00,0.04,0.00,0.002,2025-08-18,2025-08-18 07:26:25.230000+00:00,2025-08-18,2025-08-18,2025-08-18 07:26:24,2025-08-18 07:26:27,2025-08-18 07:26:25,2025-08-18
31,walk,2025-08-14 17:13:58.151000+00:00,2025-08-14 17:35:59.273000+00:00,22.02,60.59,0.881,2025-08-14,2025-08-14 17:13:58.446000+00:00,2025-08-14,2025-08-14,2025-08-14 17:13:58,2025-08-14 17:35:59,2025-08-14 17:13:58,2025-08-14
32,walk,2025-08-14 07:42:08.289000+00:00,2025-08-14 08:12:16.367000+00:00,30.13,83.05,1.205,2025-08-14,2025-08-14 07:42:08.709000+00:00,2025-08-14,2025-08-14,2025-08-14 07:42:08,2025-08-14 08:12:16,2025-08-14 07:42:08,2025-08-14
33,walk,2025-08-14 07:20:44.695000+00:00,2025-08-14 07:32:07.372000+00:00,11.38,31.13,0.455,2025-08-14,2025-08-14 07:20:44.988000+00:00,2025-08-14,2025-08-14,2025-08-14 07:20:44,2025-08-14 07:32:07,2025-08-14 07:20:44,2025-08-14
34,walk,2025-08-14 06:47:47.093000+00:00,2025-08-14 06:47:47.995000+00:00,0.02,0.00,0.001,2025-08-14,2025-08-14 06:47:47.055000+00:00,2025-08-14,2025-08-14,2025-08-14 06:47:47,2025-08-14 06:47:47,2025-08-14 06:47:47,2025-08-14
35,walk,2025-08-13 13:50:58.853000+00:00,2025-08-13 14:01:05.668000+00:00,10.11,27.63,0.405,2025-08-13,2025-08-13 13:50:58.426000+00:00,2025-08-13,2025-08-13,2025-08-13 13:50:58,2025-08-13 14:01:05,2025-08-13 13:50:58,2025-08-13
36,walk,2025-08-12 17:36:32.336000+00:00,2025-08-12 17:51:23.792000+00:00,14.86,40.76,0.594,2025-08-12,2025-08-12 17:36:33.089000+00:00,2025-08-12,2025-08-12,2025-08-12 17:36:32,2025-08-12 17:51:23,2025-08-12 17:36:33,2025-08-12
37,walk,2025-08-12 17:36:20.889000+00:00,2025-08-12 17:36:22.361000+00:00,0.02,0.00,0.001,2025-08-12,2025-08-12 17:36:21.781000+00:00,2025-08-12,2025-08-12,2025-08-12 17:36:20,2025-08-12 17:36:22,2025-08-12 17:36:21,2025-08-12
38,walk,2025-08-12 17:07:57.676000+00:00,2025-08-12 17:14:40.516000+00:00,6.71,18.22,0.269,2025-08-12,2025-08-12 17:07:58.428000+00:00,2025-08-12,2025-08-12,2025-08-12 17:07:57,2025-08-12 17:14:40,2025-08-12 17:07:58,2025-08-12
39,walk,2025-08-12 16:29:40.341000+00:00,2025-08-12 16:35:28.340000+00:00,5.80,15.69,0.232,2025-08-12,2025-08-12 16:29:40.955000+00:00,2025-08-12,2025-08-12,2025-08-12 16:29:40,2025-08-12 16:35:28,2025-08-12 16:29:40,2025-08-12
40,walk,2025-08-12 16:29:32.949000+00:00,2025-08-12 16:29:35.445000+00:00,0.04,0.00,0.002,2025-08-12,2025-08-12 16:29:33.904000+00:00,2025-08-12,2025-08-12,2025-08-12 16:29:32,2025-08-12 16:29:35,2025-08-12 16:29:33,2025-08-12
41,walk,2025-08-11 13:11:01.031000+00:00,2025-08-11 13:13:20.403000+00:00,2.32,6.07,0.093,2025-08-11,2025-08-11 13:11:01.074000+00:00,2025-08-11,2025-08-11,2025-08-11 13:11:01,2025-08-11 13:13:20,2025-08-11 13:11:01,2025-08-11
42,walk,2025-08-11 12:45:04.570000+00:00,2025-08-11 12:46:47.118000+00:00,1.71,4.37,0.068,2025-08-11,2025-08-11 12:45:04.615000+00:00,2025-08-11,2025-08-11,2025-08-11 12:45:04,2025-08-11 12:46:47,2025-08-11 12:45:04,2025-08-11
43,walk,2025-08-11 06:16:14.726000+00:00,2025-08-11 06:27:07.761000+00:00,10.88,29.77,0.435,2025-08-11,2025-08-11 06:16:14.789000+00:00,2025-08-11,2025-08-11,2025-08-11 06:16:14,2025-08-11 06:27:07,2025-08-11 06:16:14,2025-08-11
44,walk,2025-08-07 03:26:17.849000+00:00,2025-08-07 03:36:56.663000+00:00,10.65,29.11,0.426,2025-08-07,2025-08-07 03:26:17.804000+00:00,2025-08-07,2025-08-07,2025-08-07 03:26:17,2025-08-07 03:36:56,2025-08-07 03:26:17,2025-08-07
45,walk,2025-08-03 07:09:22.044000+00:00,2025-08-03 07:09:23.029000+00:00,0.02,0.00,0.001,2025-08-03,2025-08-03 07:09:21.686000+00:00,2025-08-03,2025-08-03,2025-08-03 07:09:22,2025-08-03 07:09:23,2025-08-03 07:09:21,2025-08-03
46,walk,2025-08-01 21:26:50.168000+00:00,2025-08-01 21:53:19.070000+00:00,26.48,72.94,1.059,2025-08-02,2025-08-01 21:26:52.160000+00:00,2025-08-01,2025-08-02,2025-08-01 21:26:50,2025-08-01 21:53:19,2025-08-01 21:26:52,2025-08-01
47,walk,2025-08-01 03:08:09.103000+00:00,2025-08-01 03:39:50.030000+00:00,31.68,87.34,1.267,2025-08-01,2025-08-01 03:08:12.631000+00:00,2025-08-01,2025-08-01,2025-08-01 03:08:09,2025-08-01 03:39:50,2025-08-01 03:08:12,2025-08-01
48,walk,2025-08-01 02:03:31.791000+00:00,2025-08-01 02:23:43.031000+00:00,20.19,55.52,0.807,2025-08-01,2025-08-01 02:03:35.302000+00:00,2025-08-01,2025-08-01,2025-08-01 02:03:31,2025-08-01 02:23:43,2025-08-01 02:03:35,2025-08-01
49,walk,2025-07-31 22:08:50.659000+00:00,2025-07-31 23:09:52.579000+00:00,61.03,168.58,2.441,2025-08-01,2025-07-31 22:08:54.104000+00:00,2025-07-31,2025-08-01,2025-07-31 22:08:50,2025-07-31 23:09:52,2025-07-31 22:08:54,2025-07-31
50,walk,2025-07-31 22:08:31.388000+00:00,2025-07-31 22:08:32.467000+00:00,0.02,0.00,0.001,2025-08-01,2025-07-31 22:08:34.831000+00:00,2025-07-31,2025-08-01,2025-07-31 22:08:31,2025-07-31 22:08:32,2025-07-31 22:08:34,2025-07-31
51,walk,2025-07-31 00:18:50.622000+00:00,2025-07-31 00:33:53.288000+00:00,15.04,41.28,0.602,2025-07-31,2025-07-31 00:18:52.943000+00:00,2025-07-31,2025-07-31,2025-07-31 00:18:50,2025-07-31 00:33:53,2025-07-31 00:18:52,2025-07-31
52,walk,2025-07-30 22:51:43.952000+00:00,2025-07-30 23:51:51.055000+00:00,60.12,166.05,2.405,2025-07-31,2025-07-30 22:51:45.906000+00:00,2025-07-30,2025-07-31,2025-07-30 22:51:43,2025-07-30 23:51:51,2025-07-30 22:51:45,2025-07-30
53,walk,2025-07-30 22:50:02.608000+00:00,2025-07-30 22:50:04.720000+00:00,0.04,0.00,0.001,2025-07-31,2025-07-30 22:50:04.564000+00:00,2025-07-30,2025-07-31,2025-07-30 22:50:02,2025-07-30 22:50:04,2025-07-30 22:50:04,2025-07-30
54,walk,2025-07-28 20:40:10.642000+00:00,2025-07-28 20:40:12.523000+00:00,0.03,0.00,0.001,2025-07-29,2025-07-28 20:40:10.834000+00:00,2025-07-28,2025-07-29,2025-07-28 20:40:10,2025-07-28 20:40:12,2025-07-28 20:40:10,2025-07-28
55,walk,2025-07-27 22:45:10.938000+00:00,2025-07-27 22:45:13.458000+00:00,0.04,0.00,0.002,2025-07-28,2025-07-27 22:45:13.645000+00:00,2025-07-27,2025-07-28,2025-07-27 22:45:10,2025-07-27 22:45:13,2025-07-27 22:45:13,2025-07-27
56,walk,2025-07-27 19:49:53.775000+00:00,2025-07-27 20:31:15.064000+00:00,41.36,114.11,1.654,2025-07-27,2025-07-27 19:49:53.775000+00:00,2025-07-27,2025-07-27,2025-07-27 19:49:53,2025-07-27 20:31:15,2025-07-27 19:49:53,2025-07-27
57,walk,2025-07-27 19:48:10.933000+00:00,2025-07-27 19:49:13.495000+00:00,1.04,2.53,0.042,2025-07-27,2025-07-27 19:48:10.933000+00:00,2025-07-27,2025-07-27,2025-07-27 19:48:10,2025-07-27 19:49:13,2025-07-27 19:48:10,2025-07-27
58,walk,2025-07-27 03:39:24.273000+00:00,2025-07-27 03:43:30.606000+00:00,4.11,11.00,0.164,2025-07-27,2025-07-27 03:39:24.273000+00:00,2025-07-27,2025-07-27,2025-07-27 03:39:24,2025-07-27 03:43:30,2025-07-27 03:39:24,2025-07-27
59,walk,2025-07-27 02:33:44.159000+00:00,2025-07-27 02:41:00.772000+00:00,7.28,19.78,0.291,2025-07-27,2025-07-27 02:33:44.159000+00:00,2025-07-27,2025-07-27,2025-07-27 02:33:44,2025-07-27 02:41:00,2025-07-27 02:33:44,2025-07-27
60,walk,2025-09-26 09:39:57.423000+00:00,2025-09-26 09:44:19.523000+00:00,4.37,11.73,0.175,2025-09-26,2025-09-26 09:39:57.246000+00:00,2025-09-26,2025-09-26,2025-09-26 09:39:57,2025-09-26 09:44:19,2025-09-26 09:39:57,2025-09-26
61,walk,2025-09-27 22:26:00.127000+00:00,2025-09-27 23:02:12.153000+00:00,36.20,99.84,1.448,2025-09-28,2025-09-27 22:26:00.452000+00:00,2025-09-27,2025-09-28,2025-09-27 22:26:00,2025-09-27 23:02:12,2025-09-27 22:26:00,2025-09-27
62,walk,2025-10-01 09:33:58.998000+00:00,2025-10-01 10:07:17.076000+00:00,33.30,91.82,1.332,2025-10-01,2025-10-01 09:33:59.464000+00:00,2025-10-01,2025-10-01,2025-10-01 09:33:58,2025-10-01 10:07:17,2025-10-01 09:33:59,2025-10-01
63,run,2025-10-01 10:10:04.519000+00:00,2025-10-01 10:15:19.303000+00:00,5.25,38.30,0.525,2025-10-01,2025-10-01 10:10:05.203000+00:00,2025-10-01,2025-10-01,2025-10-01 10:10:04,2025-10-01 10:15:19,2025-10-01 10:10:05,2025-10-01
64,walk,2025-10-01 10:37:53.773000+00:00,2025-10-01 11:07:33.859000+00:00,29.67,81.76,1.187,2025-10-01,2025-10-01 10:37:54.170000+00:00,2025-10-01,2025-10-01,2025-10-01 10:37:53,2025-10-01 11:07:33,2025-10-01 10:37:54,2025-10-01
65,walk,2025-10-01 11:10:20.683000+00:00,2025-10-01 11:41:44.049000+00:00,31.39,86.52,1.256,2025-10-01,2025-10-01 11:10:21.405000+00:00,2025-10-01,2025-10-01,2025-10-01 11:10:20,2025-10-01 11:41:44,2025-10-01 11:10:21,2025-10-01
66,walk,2025-10-01 18:44:15.706000+00:00,2025-10-01 18:44:17.666000+00:00,0.03,0.00,0.001,2025-10-01,2025-10-01 18:44:15.923000+00:00,2025-10-01,2025-10-01,2025-10-01 18:44:15,2025-10-01 18:44:17,2025-10-01 18:44:15,2025-10-01
67,walk,2025-10-03 04:06:29.101000+00:00,2025-10-03 04:06:29.973000+00:00,0.01,0.00,0.001,2025-10-03,2025-10-03 04:06:29.365000+00:00,2025-10-03,2025-10-03,2025-10-03 04:06:29,2025-10-03 04:06:29,2025-10-03 04:06:29,2025-10-03
68,walk,2025-10-03 04:13:16.343000+00:00,2025-10-03 05:05:26.496000+00:00,52.17,144.04,2.087,2025-10-03,2025-10-03 04:13:16.562000+00:00,2025-10-03,2025-10-03,2025-10-03 04:13:16,2025-10-03 05:05:26,2025-10-03 04:13:16,2025-10-03
69,walk,2025-10-04 08:24:48.687000+00:00,2025-10-04 08:24:49.310000+00:00,0.01,0.00,0.000,2025-10-04,2025-10-04 08:24:49.055000+00:00,2025-10-04,2025-10-04,2025-10-04 08:24:48,2025-10-04 08:24:49,2025-10-04 08:24:49,2025-10-04
70,walk,2025-10-04 08:24:56.593000+00:00,2025-10-04 09:25:08.816000+00:00,60.20,166.28,2.408,2025-10-04,2025-10-04 08:24:56.961000+00:00,2025-10-04,2025-10-04,2025-10-04 08:24:56,2025-10-04 09:25:08,2025-10-04 08:24:56,2025-10-04
71,walk,2025-10-04 12:03:56.896000+00:00,2025-10-04 13:13:25.972000+00:00,69.48,191.97,2.779,2025-10-04,2025-10-04 12:03:57.143000+00:00,2025-10-04,2025-10-04,2025-10-04 12:03:56,2025-10-04 13:13:25,2025-10-04 12:03:57,2025-10-04
72,walk,2025-10-04 14:27:59.222000+00:00,2025-10-04 14:37:39.853000+00:00,9.68,26.43,0.387,2025-10-04,2025-10-04 14:27:59.280000+00:00,2025-10-04,2025-10-04,2025-10-04 14:27:59,2025-10-04 14:37:39,2025-10-04 14:27:59,2025-10-04
73,walk,2025-10-04 15:29:05.720000+00:00,2025-10-04 15:38:23.682000+00:00,9.30,25.38,0.372,2025-10-04,2025-10-04 15:29:05.782000+00:00,2025-10-04,2025-10-04,2025-10-04 15:29:05,2025-10-04 15:38:23,2025-10-04 15:29:05,2025-10-04
74,walk,2025-10-04 15:52:42.388000+00:00,2025-10-04 16:06:55.311000+00:00,14.22,38.99,0.569,2025-10-04,2025-10-04 15:52:42.445000+00:00,2025-10-04,2025-10-04,2025-10-04 15:52:42,2025-10-04 16:06:55,2025-10-04 15:52:42,2025-10-04
75,walk,2025-10-05 05:42:44.800000+00:00,2025-10-05 05:42:47.382000+00:00,0.04,0.00,0.002,2025-10-05,2025-10-05 05:42:46.001000+00:00,2025-10-05,2025-10-05,2025-10-05 05:42:44,2025-10-05 05:42:47,2025-10-05 05:42:46,2025-10-05
76,walk,2025-10-05 06:59:09.863000+00:00,2025-10-05 08:06:38.963000+00:00,67.49,186.44,2.699,2025-10-05,2025-10-05 06:59:10.132000+00:00,2025-10-05,2025-10-05,2025-10-05 06:59:09,2025-10-05 08:06:38,2025-10-05 06:59:10,2025-10-05
77,walk,2025-10-05 09:05:22.746000+00:00,2025-10-05 10:05:51.515000+00:00,60.48,167.05,2.419,2025-10-05,2025-10-05 09:05:23.046000+00:00,2025-10-05,2025-10-05,2025-10-05 09:05:22,2025-10-05 10:05:51,2025-10-05 09:05:23,2025-10-05
78,walk,2025-10-06 05:04:10.757000+00:00,2025-10-06 05:42:28.130000+00:00,38.29,105.62,1.532,2025-10-06,2025-10-06 05:04:11.064000+00:00,2025-10-06,2025-10-06,2025-10-06 05:04:10,2025-10-06 05:42:28,2025-10-06 05:04:11,2025-10-06
79,walk,2025-10-08 18:47:52.478000+00:00,2025-10-08 19:12:07.606000+00:00,24.25,66.77,0.970,2025-10-08,2025-10-08 18:47:54.586000+00:00,2025-10-08,2025-10-08,2025-10-08 18:47:52,2025-10-08 19:12:07,2025-10-08 18:47:54,2025-10-08
80,walk,2025-10-09 08:32:06.040000+00:00,2025-10-09 08:32:08.709000+00:00,0.04,0.00,0.002,2025-10-09,2025-10-09 08:32:06.338000+00:00,2025-10-09,2025-10-09,2025-10-09 08:32:06,2025-10-09 08:32:08,2025-10-09 08:32:06,2025-10-09
81,walk,2025-10-09 16:30:15.907000+00:00,2025-10-09 16:54:04.293000+00:00,23.81,65.54,0.952,2025-10-09,2025-10-09 16:30:16.316000+00:00,2025-10-09,2025-10-09,2025-10-09 16:30:15,2025-10-09 16:54:04,2025-10-09 16:30:16,2025-10-09
82,walk,2025-10-10 11:46:12.897000+00:00,2025-10-10 11:47:21.187000+00:00,1.14,2.79,0.046,2025-10-10,2025-10-10 11:46:18.197000+00:00,2025-10-10,2025-10-10,2025-10-10 11:46:12,2025-10-10 11:47:21,2025-10-10 11:46:18,2025-10-10
83,walk,2025-10-10 11:47:45.815000+00:00,,,,,2025-10-10,2025-10-10 11:47:51.251000+00:00,2025-10-10,2025-10-10,2025-10-10 11:47:45,,2025-10-10 11:47:51,2025-10-10
84,walk,2025-10-10 12:08:59.562000+00:00,2025-10-10 12:09:00.913000+00:00,0.02,0.00,0.001,2025-10-10,2025-10-10 12:09:04.873000+00:00,2025-10-10,2025-10-10,2025-10-10 12:08:59,2025-10-10 12:09:00,2025-10-10 12:09:04,2025-10-10
85,walk,2025-10-10 12:38:26.442000+00:00,2025-10-10 12:38:50.578000+00:00,0.40,0.75,0.016,2025-10-10,2025-10-10 12:38:31.758000+00:00,2025-10-10,2025-10-10,2025-10-10 12:38:26,2025-10-10 12:38:50,2025-10-10 12:38:31,2025-10-10
86,walk,2025-10-10 13:03:10.674000+00:00,2025-10-10 13:34:06.218000+00:00,30.93,85.24,1.237,2025-10-10,2025-10-10 13:03:15.994000+00:00,2025-10-10,2025-10-10,2025-10-10 13:03:10,2025-10-10 13:34:06,2025-10-10 13:03:15,2025-10-10
87,walk,2025-10-10 15:59:16.404000+00:00,2025-10-10 17:02:11.943000+00:00,62.93,173.82,2.517,2025-10-10,2025-10-10 15:59:21.767000+00:00,2025-10-10,2025-10-10,2025-10-10 15:59:16,2025-10-10 17:02:11,2025-10-10 15:59:21,2025-10-10
88,walk,2025-10-10 18:39:32.704000+00:00,2025-10-10 19:40:25.783000+00:00,60.88,168.17,2.435,2025-10-10,2025-10-10 18:39:34.223000+00:00,2025-10-10,2025-10-10,2025-10-10 18:39:32,2025-10-10 19:40:25,2025-10-10 18:39:34,2025-10-10
89,walk,2025-10-10 21:02:15.798000+00:00,2025-10-10 21:02:18.157000+00:00,0.04,0.00,0.002,2025-10-11,2025-10-10 21:02:17.355000+00:00,2025-10-10,2025-10-11,2025-10-10 21:02:15,2025-10-10 21:02:18,2025-10-10 21:02:17,2025-10-10
90,walk,2025-10-13 13:39:36.640000+00:00,2025-10-13 15:04:15.109000+00:00,84.64,233.93,3.386,2025-10-13,2025-10-13 13:39:36.400000+00:00,2025-10-13,2025-10-13,2025-10-13 13:39:36,2025-10-13 15:04:15,2025-10-13 13:39:36,2025-10-13
91,walk,2025-10-16 05:56:28.276000+00:00,2025-10-16 06:19:18.444000+00:00,22.84,62.85,0.913,2025-10-16,2025-10-16 05:56:28.119000+00:00,2025-10-16,2025-10-16,2025-10-16 05:56:28,2025-10-16 06:19:18,2025-10-16 05:56:28,2025-10-16
92,walk,2025-10-19 17:21:30.456000+00:00,2025-10-19 17:49:49.738000+00:00,28.32,78.03,1.133,2025-10-19,2025-10-19 17:21:31.027000+00:00,2025-10-19,2025-10-19,2025-10-19 17:21:30,2025-10-19 17:49:49,2025-10-19 17:21:31,2025-10-19
93,walk,2025-10-19 19:46:44.565000+00:00,2025-10-19 19:51:24.452000+00:00,4.66,12.55,0.187,2025-10-19,2025-10-19 19:46:45.209000+00:00,2025-10-19,2025-10-19,2025-10-19 19:46:44,2025-10-19 19:51:24,2025-10-19 19:46:45,2025-10-19
94,walk,2025-10-19 19:58:18.886000+00:00,2025-10-19 20:21:56.937000+00:00,23.63,65.06,0.945,2025-10-19,2025-10-19 19:58:19.529000+00:00,2025-10-19,2025-10-19,2025-10-19 19:58:18,2025-10-19 20:21:56,2025-10-19 19:58:19,2025-10-19
95,walk,2025-10-19 22:40:48.285000+00:00,2025-10-19 22:58:31.768000+00:00,17.72,48.70,0.709,2025-10-20,2025-10-19 22:40:48.640000+00:00,2025-10-19,2025-10-20,2025-10-19 22:40:48,2025-10-19 22:58:31,2025-10-19 22:40:48,2025-10-19
96,walk,2025-10-20 00:35:24.372000+00:00,2025-10-20 01:23:11.962000+00:00,47.79,131.93,1.912,2025-10-20,2025-10-20 00:35:24.573000+00:00,2025-10-20,2025-10-20,2025-10-20 00:35:24,2025-10-20 01:23:11,2025-10-20 00:35:24,2025-10-20
97,walk,2025-10-21 07:57:37.822000+00:00,2025-10-21 08:19:43.334000+00:00,22.09,60.79,0.884,2025-10-21,2025-10-21 07:57:38.111000+00:00,2025-10-21,2025-10-21,2025-10-21 07:57:37,2025-10-21 08:19:43,2025-10-21 07:57:38,2025-10-21
98,walk,2025-10-21 08:44:34.127000+00:00,2025-10-21 09:45:21.337000+00:00,60.79,167.90,2.431,2025-10-21,2025-10-21 08:44:34.487000+00:00,2025-10-21,2025-10-21,2025-10-21 08:44:34,2025-10-21 09:45:21,2025-10-21 08:44:34,2025-10-21
99,walk,2025-10-21 10:13:32.214000+00:00,2025-10-21 10:58:25.085000+00:00,44.88,123.87,1.795,2025-10-21,2025-10-21 10:13:32.561000+00:00,2025-10-21,2025-10-21,2025-10-21 10:13:32,2025-10-21 10:58:25,2025-10-21 10:13:32,2025-10-21
100,walk,2025-10-21 11:25:26.123000+00:00,2025-10-21 12:21:17.375000+00:00,55.85,154.24,2.234,2025-10-21,2025-10-21 11:25:26.872000+00:00,2025-10-21,2025-10-21,2025-10-21 11:25:26,2025-10-21 12:21:17,2025-10-21 11:25:26,2025-10-21
101,walk,2025-10-22 09:46:53.151000+00:00,2025-10-22 09:46:53.823000+00:00,0.01,0.00,0.000,2025-10-22,2025-10-22 09:46:55.210000+00:00,2025-10-22,2025-10-22,2025-10-22 09:46:53,2025-10-22 09:46:53,2025-10-22 09:46:55,2025-10-22
102,walk,2025-10-22 09:47:41.150000+00:00,2025-10-22 10:20:43.192000+00:00,33.03,91.08,1.321,2025-10-22,2025-10-22 09:47:41.448000+00:00,2025-10-22,2025-10-22,2025-10-22 09:47:41,2025-10-22 10:20:43,2025-10-22 09:47:41,2025-10-22
103,walk,2025-10-22 10:29:43.653000+00:00,2025-10-22 11:20:53.551000+00:00,51.16,141.26,2.047,2025-10-22,2025-10-22 10:29:43.866000+00:00,2025-10-22,2025-10-22,2025-10-22 10:29:43,2025-10-22 11:20:53,2025-10-22 10:29:43,2025-10-22
104,walk,2025-10-22 13:27:19.173000+00:00,2025-10-22 13:27:20.380000+00:00,0.02,0.00,0.001,2025-10-22,2025-10-22 13:27:21.489000+00:00,2025-10-22,2025-10-22,2025-10-22 13:27:19,2025-10-22 13:27:20,2025-10-22 13:27:21,2025-10-22
105,walk,2025-10-22 13:27:38.828000+00:00,2025-10-22 13:27:40.316000+00:00,0.02,0.00,0.001,2025-10-22,2025-10-22 13:27:41.143000+00:00,2025-10-22,2025-10-22,2025-10-22 13:27:38,2025-10-22 13:27:40,2025-10-22 13:27:41,2025-10-22
106,walk,2025-10-22 13:40:45.078000+00:00,2025-10-22 13:40:48.650000+00:00,0.06,0.00,0.002,2025-10-22,2025-10-22 13:40:45.391000+00:00,2025-10-22,2025-10-22,2025-10-22 13:40:45,2025-10-22 13:40:48,2025-10-22 13:40:45,2025-10-22
107,walk,2025-10-22 13:42:25.924000+00:00,2025-10-22 14:30:59.453000+00:00,48.56,134.05,1.942,2025-10-22,2025-10-22 13:42:26.208000+00:00,2025-10-22,2025-10-22,2025-10-22 13:42:25,2025-10-22 14:30:59,2025-10-22 13:42:26,2025-10-22
108,walk,2025-10-22 17:18:13.305000+00:00,2025-10-22 18:01:25.759000+00:00,43.21,119.24,1.728,2025-10-22,2025-10-22 17:18:13.620000+00:00,2025-10-22,2025-10-22,2025-10-22 17:18:13,2025-10-22 18:01:25,2025-10-22 17:18:13,2025-10-22
109,walk,2025-10-24 05:04:34.401000+00:00,2025-10-24 05:59:04.716000+00:00,54.51,150.51,2.180,2025-10-24,2025-10-24 05:04:34.671000+00:00,2025-10-24,2025-10-24,2025-10-24 05:04:34,2025-10-24 05:59:04,2025-10-24 05:04:34,2025-10-24
110,walk,2025-10-24 08:45:38.139000+00:00,2025-10-24 09:16:20.539000+00:00,30.71,84.64,1.228,2025-10-24,2025-10-24 08:45:38.509000+00:00,2025-10-24,2025-10-24,2025-10-24 08:45:38,2025-10-24 09:16:20,2025-10-24 08:45:38,2025-10-24
111,walk,2025-10-24 09:21:54.061000+00:00,2025-10-24 09:22:07.371000+00:00,0.22,0.25,0.009,2025-10-24,2025-10-24 09:21:54.446000+00:00,2025-10-24,2025-10-24,2025-10-24 09:21:54,2025-10-24 09:22:07,2025-10-24 09:21:54,2025-10-24
112,walk,2025-10-24 09:44:52.985000+00:00,2025-10-24 09:44:55.722000+00:00,0.05,0.00,0.002,2025-10-24,2025-10-24 09:44:57.653000+00:00,2025-10-24,2025-10-24,2025-10-24 09:44:52,2025-10-24 09:44:55,2025-10-24 09:44:57,2025-10-24
113,walk,2025-10-24 09:44:58.177000+00:00,2025-10-24 09:45:05.386000+00:00,0.12,0.00,0.005,2025-10-24,2025-10-24 09:45:02.843000+00:00,2025-10-24,2025-10-24,2025-10-24 09:44:58,2025-10-24 09:45:05,2025-10-24 09:45:02,2025-10-24
114,walk,2025-10-24 10:09:32.074000+00:00,2025-10-24 10:13:47.220000+00:00,4.25,11.41,0.170,2025-10-24,2025-10-24 10:09:32.640000+00:00,2025-10-24,2025-10-24,2025-10-24 10:09:32,2025-10-24 10:13:47,2025-10-24 10:09:32,2025-10-24
115,walk,2025-10-24 10:16:29.031000+00:00,2025-10-24 11:27:06.732000+00:00,70.63,195.14,2.825,2025-10-24,2025-10-24 10:16:29.531000+00:00,2025-10-24,2025-10-24,2025-10-24 10:16:29,2025-10-24 11:27:06,2025-10-24 10:16:29,2025-10-24
116,walk,2025-10-25 10:14:32.629000+00:00,2025-10-25 10:19:11.075000+00:00,4.64,12.48,0.186,2025-10-25,2025-10-25 10:14:33.153000+00:00,2025-10-25,2025-10-25,2025-10-25 10:14:32,2025-10-25 10:19:11,2025-10-25 10:14:33,2025-10-25
117,walk,2025-10-25 10:23:39.295000+00:00,2025-10-25 10:24:33.166000+00:00,0.90,2.12,0.036,2025-10-25,2025-10-25 10:23:39.853000+00:00,2025-10-25,2025-10-25,2025-10-25 10:23:39,2025-10-25 10:24:33,2025-10-25 10:23:39,2025-10-25
118,walk,2025-10-25 10:24:35.951000+00:00,2025-10-25 11:49:47.804000+00:00,85.20,235.47,3.408,2025-10-25,2025-10-25 10:24:36.500000+00:00,2025-10-25,2025-10-25,2025-10-25 10:24:35,2025-10-25 11:49:47,2025-10-25 10:24:36,2025-10-25
119,walk,2025-10-25 14:08:31.900000+00:00,2025-10-25 16:04:26.780000+00:00,115.91,320.49,4.637,2025-10-25,2025-10-25 14:08:31.843000+00:00,2025-10-25,2025-10-25,2025-10-25 14:08:31,2025-10-25 16:04:26,2025-10-25 14:08:31,2025-10-25
120,walk,2025-10-25 17:35:26.297000+00:00,2025-10-25 17:36:49.597000+00:00,1.39,3.48,0.056,2025-10-25,2025-10-25 17:35:26.577000+00:00,2025-10-25,2025-10-25,2025-10-25 17:35:26,2025-10-25 17:36:49,2025-10-25 17:35:26,2025-10-25
121,walk,2025-10-25 17:38:02.156000+00:00,2025-10-25 18:40:52.400000+00:00,62.84,173.57,2.513,2025-10-25,2025-10-25 17:38:02.438000+00:00,2025-10-25,2025-10-25,2025-10-25 17:38:02,2025-10-25 18:40:52,2025-10-25 17:38:02,2025-10-25
122,walk,2025-10-27 20:48:16.070000+00:00,2025-10-27 20:48:18.326000+00:00,0.04,0.00,0.002,2025-10-28,2025-10-27 20:48:17.569000+00:00,2025-10-27,2025-10-28,2025-10-27 20:48:16,2025-10-27 20:48:18,2025-10-27 20:48:17,2025-10-27
123,walk,2025-10-27 20:48:22.081000+00:00,2025-10-27 23:25:04.143000+00:00,156.70,433.39,6.268,2025-10-28,2025-10-27 20:48:22.139000+00:00,2025-10-27,2025-10-28,2025-10-27 20:48:22,2025-10-27 23:25:04,2025-10-27 20:48:22,2025-10-27
124,walk,2025-10-28 16:12:04.843000+00:00,2025-10-28 16:22:35.852000+00:00,10.52,28.75,0.421,2025-10-28,2025-10-28 16:12:04.717000+00:00,2025-10-28,2025-10-28,2025-10-28 16:12:04,2025-10-28 16:22:35,2025-10-28 16:12:04,2025-10-28
125,walk,2025-10-28 17:54:52.113000+00:00,2025-10-28 18:39:13.497000+00:00,44.36,122.42,1.774,2025-10-28,2025-10-28 17:54:52.314000+00:00,2025-10-28,2025-10-28,2025-10-28 17:54:52,2025-10-28 18:39:13,2025-10-28 17:54:52,2025-10-28
126,walk,2025-10-28 19:14:45.606000+00:00,2025-10-28 20:02:21.197000+00:00,47.59,131.38,1.904,2025-10-28,2025-10-28 19:14:45.916000+00:00,2025-10-28,2025-10-28,2025-10-28 19:14:45,2025-10-28 20:02:21,2025-10-28 19:14:45,2025-10-28
127,walk,2025-10-28 20:05:52.617000+00:00,2025-10-28 20:10:43.984000+00:00,4.86,13.08,0.194,2025-10-29,2025-10-28 20:05:52.925000+00:00,2025-10-28,2025-10-29,2025-10-28 20:05:52,2025-10-28 20:10:43,2025-10-28 20:05:52,2025-10-28
128,walk,2025-10-29 05:51:15.906000+00:00,2025-10-29 05:56:30.561000+00:00,5.24,14.16,0.210,2025-10-29,2025-10-29 05:51:15.627000+00:00,2025-10-29,2025-10-29,2025-10-29 05:51:15,2025-10-29 05:56:30,2025-10-29 05:51:15,2025-10-29
129,walk,2025-10-29 06:13:45.895000+00:00,2025-10-29 06:23:17.865000+00:00,9.53,26.03,0.381,2025-10-29,2025-10-29 06:13:45.610000+00:00,2025-10-29,2025-10-29,2025-10-29 06:13:45,2025-10-29 06:23:17,2025-10-29 06:13:45,2025-10-29
131,walk,2025-10-30 08:32:26.056000+00:00,2025-10-30 08:45:19.193000+00:00,12.89,35.31,0.515,2025-10-30,2025-10-30 08:32:25.725000+00:00,2025-10-30,2025-10-30,2025-10-30 08:32:26,2025-10-30 08:45:19,2025-10-30 08:32:25,2025-10-30
132,walk,2025-10-30 09:13:45.645000+00:00,2025-10-30 09:23:50.503000+00:00,10.08,27.54,0.403,2025-10-30,2025-10-30 09:13:45.309000+00:00,2025-10-30,2025-10-30,2025-10-30 09:13:45,2025-10-30 09:23:50,2025-10-30 09:13:45,2025-10-30
133,walk,2025-10-31 10:00:44.830000+00:00,2025-10-31 10:00:45.821000+00:00,0.02,0.00,0.001,2025-10-31,2025-10-31 10:00:46.999000+00:00,2025-10-31,2025-10-31,2025-10-31 10:00:44,2025-10-31 10:00:45,2025-10-31 10:00:46,2025-10-31
134,walk,2025-10-31 10:57:48.852000+00:00,2025-10-31 11:37:24.130000+00:00,39.59,109.22,1.584,2025-10-31,2025-10-31 10:57:49.099000+00:00,2025-10-31,2025-10-31,2025-10-31 10:57:48,2025-10-31 11:37:24,2025-10-31 10:57:49,2025-10-31
135,walk,2025-10-31 20:52:53.417000+00:00,2025-10-31 21:28:11.619000+00:00,35.30,97.36,1.412,2025-11-01,2025-10-31 20:52:53.782000+00:00,2025-10-31,2025-11-01,2025-10-31 20:52:53,2025-10-31 21:28:11,2025-10-31 20:52:53,2025-10-31
136,walk,2025-11-01 21:54:44.890000+00:00,2025-11-01 23:47:00.090000+00:00,112.25,310.36,4.490,2025-11-02,2025-11-01 21:54:45.225000+00:00,2025-11-01,2025-11-02,2025-11-01 21:54:44,2025-11-01 23:47:00,2025-11-01 21:54:45,2025-11-01
137,walk,2025-11-02 00:09:04.455000+00:00,2025-11-02 00:09:08.923000+00:00,0.07,0.00,0.003,2025-11-02,2025-11-02 00:09:04.749000+00:00,2025-11-02,2025-11-02,2025-11-02 00:09:04,2025-11-02 00:09:08,2025-11-02 00:09:04,2025-11-02
138,walk,2025-11-02 00:09:20.808000+00:00,2025-11-02 01:17:47.504000+00:00,68.44,189.09,2.738,2025-11-02,2025-11-02 00:09:21.106000+00:00,2025-11-02,2025-11-02,2025-11-02 00:09:20,2025-11-02 01:17:47,2025-11-02 00:09:21,2025-11-02
140,walk,2025-11-03 08:27:06.734000+00:00,2025-11-03 08:27:08.003000+00:00,0.02,0.00,0.001,2025-11-03,2025-11-03 08:27:07.914000+00:00,2025-11-03,2025-11-03,2025-11-03 08:27:06,2025-11-03 08:27:08,2025-11-03 08:27:07,2025-11-03
141,walk,2025-11-07 02:50:31.841000+00:00,2025-11-07 02:50:32.604000+00:00,0.01,0.00,0.001,2025-11-07,2025-11-07 02:50:32.427000+00:00,2025-11-07,2025-11-07,2025-11-07 02:50:31,2025-11-07 02:50:32,2025-11-07 02:50:32,2025-11-07
142,walk,2025-11-07 04:30:37.822000+00:00,2025-11-07 04:30:38.595000+00:00,0.01,0.00,0.001,2025-11-07,2025-11-07 04:30:37.456000+00:00,2025-11-07,2025-11-07,2025-11-07 04:30:37,2025-11-07 04:30:38,2025-11-07 04:30:37,2025-11-07
143,walk,2025-11-09 20:29:01.063000+00:00,2025-11-09 20:33:43.162000+00:00,4.70,12.65,0.188,2025-11-10,2025-11-09 20:29:01.514000+00:00,2025-11-09,2025-11-10,2025-11-09 20:29:01,2025-11-09 20:33:43,2025-11-09 20:29:01,2025-11-09
144,walk,2025-11-11 12:21:25.867000+00:00,2025-11-11 13:07:05.183000+00:00,45.66,126.01,1.826,2025-11-11,2025-11-11 12:21:26.039000+00:00,2025-11-11,2025-11-11,2025-11-11 12:21:25,2025-11-11 13:07:05,2025-11-11 12:21:26,2025-11-11
145,walk,2025-11-13 22:07:33.564000+00:00,2025-11-13 23:31:57.956000+00:00,84.41,233.28,3.376,2025-11-14,2025-11-13 22:07:33.784000+00:00,2025-11-13,2025-11-14,2025-11-13 22:07:33,2025-11-13 23:31:57,2025-11-13 22:07:33,2025-11-13
146,walk,2025-11-14 18:39:52.348000+00:00,2025-11-14 19:14:48.491000+00:00,34.94,96.34,1.397,2025-11-14,2025-11-14 18:39:53.034000+00:00,2025-11-14,2025-11-14,2025-11-14 18:39:52,2025-11-14 19:14:48,2025-11-14 18:39:53,2025-11-14
147,walk,2025-11-14 19:55:50.389000+00:00,2025-11-14 19:55:52.153000+00:00,0.03,0.00,0.001,2025-11-14,2025-11-14 19:55:50.716000+00:00,2025-11-14,2025-11-14,2025-11-14 19:55:50,2025-11-14 19:55:52,2025-11-14 19:55:50,2025-11-14
148,walk,2025-11-14 21:41:55.070000+00:00,2025-11-14 21:51:51.213000+00:00,9.94,27.14,0.397,2025-11-15,2025-11-14 21:41:56.599000+00:00,2025-11-14,2025-11-15,2025-11-14 21:41:55,2025-11-14 21:51:51,2025-11-14 21:41:56,2025-11-14
149,walk,2025-11-15 17:01:10.884000+00:00,2025-11-15 17:46:00.854000+00:00,44.83,123.74,1.793,2025-11-15,2025-11-15 17:01:11.392000+00:00,2025-11-15,2025-11-15,2025-11-15 17:01:10,2025-11-15 17:46:00,2025-11-15 17:01:11,2025-11-15
150,walk,2025-11-15 17:59:41.414000+00:00,2025-11-15 19:15:19.615000+00:00,75.64,209.00,3.025,2025-11-15,2025-11-15 17:59:41.942000+00:00,2025-11-15,2025-11-15,2025-11-15 17:59:41,2025-11-15 19:15:19,2025-11-15 17:59:41,2025-11-15
151,walk,2025-11-15 20:41:44.310000+00:00,2025-11-15 21:49:55.946000+00:00,68.19,188.40,2.728,2025-11-16,2025-11-15 20:41:44.866000+00:00,2025-11-15,2025-11-16,2025-11-15 20:41:44,2025-11-15 21:49:55,2025-11-15 20:41:44,2025-11-15
152,walk,2025-11-16 12:37:49.402000+00:00,2025-11-16 12:38:14.451000+00:00,0.42,0.79,0.017,2025-11-16,2025-11-16 12:37:49.658000+00:00,2025-11-16,2025-11-16,2025-11-16 12:37:49,2025-11-16 12:38:14,2025-11-16 12:37:49,2025-11-16
153,walk,2025-11-16 12:38:33.798000+00:00,2025-11-16 13:11:55.778000+00:00,33.37,92.00,1.335,2025-11-16,2025-11-16 12:38:34.012000+00:00,2025-11-16,2025-11-16,2025-11-16 12:38:33,2025-11-16 13:11:55,2025-11-16 12:38:34,2025-11-16
154,walk,2025-11-16 14:13:54.399000+00:00,2025-11-16 14:27:17.515000+00:00,13.39,36.69,0.535,2025-11-16,2025-11-16 14:13:54.883000+00:00,2025-11-16,2025-11-16,2025-11-16 14:13:54,2025-11-16 14:27:17,2025-11-16 14:13:54,2025-11-16
155,walk,2025-11-16 23:36:02.627000+00:00,2025-11-16 23:37:57.018000+00:00,1.91,4.92,0.076,2025-11-17,2025-11-16 23:36:02.835000+00:00,2025-11-16,2025-11-17,2025-11-16 23:36:02,2025-11-16 23:37:57,2025-11-16 23:36:02,2025-11-16
156,walk,2025-11-16 23:38:22.242000+00:00,2025-11-17 00:14:18.889000+00:00,35.94,99.13,1.438,2025-11-17,2025-11-16 23:38:22.559000+00:00,2025-11-17,2025-11-17,2025-11-16 23:38:22,2025-11-17 00:14:18,2025-11-16 23:38:22,2025-11-17
157,walk,2025-11-18 00:32:56.335000+00:00,2025-11-18 03:57:56.913000+00:00,205.01,567.11,8.200,2025-11-18,2025-11-18 00:32:55.999000+00:00,2025-11-18,2025-11-18,2025-11-18 00:32:56,2025-11-18 03:57:56,2025-11-18 00:32:55,2025-11-18
158,walk,2025-11-18 21:00:51.018000+00:00,2025-11-18 22:30:14.996000+00:00,89.40,247.10,3.576,2025-11-19,2025-11-18 21:00:51.034000+00:00,2025-11-18,2025-11-19,2025-11-18 21:00:51,2025-11-18 22:30:14,2025-11-18 21:00:51,2025-11-18
159,walk,2025-11-19 04:33:59.238000+00:00,2025-11-19 05:24:46.218000+00:00,50.78,140.21,2.031,2025-11-19,2025-11-19 04:34:05.154000+00:00,2025-11-19,2025-11-19,2025-11-19 04:33:59,2025-11-19 05:24:46,2025-11-19 04:34:05,2025-11-19
160,walk,2025-11-19 08:41:09.864000+00:00,2025-11-19 08:55:28.425000+00:00,14.31,39.25,0.572,2025-11-19,2025-11-19 08:41:09.778000+00:00,2025-11-19,2025-11-19,2025-11-19 08:41:09,2025-11-19 08:55:28,2025-11-19 08:41:09,2025-11-19
161,walk,2025-11-20 08:29:16.187000+00:00,2025-11-20 08:29:17.411000+00:00,0.02,0.00,0.001,2025-11-20,2025-11-20 08:29:16.486000+00:00,2025-11-20,2025-11-20,2025-11-20 08:29:16,2025-11-20 08:29:17,2025-11-20 08:29:16,2025-11-20
162,walk,2025-11-21 11:24:04.460000+00:00,2025-11-21 11:24:05.493000+00:00,0.02,0.00,0.001,2025-11-21,2025-11-21 11:24:05.439000+00:00,2025-11-21,2025-11-21,2025-11-21 11:24:04,2025-11-21 11:24:05,2025-11-21 11:24:05,2025-11-21
163,walk,2025-11-21 15:39:14.017000+00:00,2025-11-21 15:48:42.317000+00:00,9.47,25.86,0.379,2025-11-21,2025-11-21 15:39:14.131000+00:00,2025-11-21,2025-11-21,2025-11-21 15:39:14,2025-11-21 15:48:42,2025-11-21 15:39:14,2025-11-21
164,walk,2025-11-21 15:55:56.411000+00:00,2025-11-21 15:56:00.539000+00:00,0.07,0.00,0.003,2025-11-21,2025-11-21 15:55:56.701000+00:00,2025-11-21,2025-11-21,2025-11-21 15:55:56,2025-11-21 15:56:00,2025-11-21 15:55:56,2025-11-21
165,walk,2025-11-21 15:56:05.794000+00:00,2025-11-21 16:08:02.820000+00:00,11.95,32.72,0.478,2025-11-21,2025-11-21 15:56:06.212000+00:00,2025-11-21,2025-11-21,2025-11-21 15:56:05,2025-11-21 16:08:02,2025-11-21 15:56:06,2025-11-21
166,walk,2025-11-21 16:35:14.268000+00:00,2025-11-21 17:04:57.076000+00:00,29.71,81.89,1.189,2025-11-21,2025-11-21 16:35:13.821000+00:00,2025-11-21,2025-11-21,2025-11-21 16:35:14,2025-11-21 17:04:57,2025-11-21 16:35:13,2025-11-21
167,walk,2025-11-21 18:03:34.478000+00:00,2025-11-21 18:45:53.038000+00:00,42.31,116.75,1.692,2025-11-21,2025-11-21 18:03:34.353000+00:00,2025-11-21,2025-11-21,2025-11-21 18:03:34,2025-11-21 18:45:53,2025-11-21 18:03:34,2025-11-21
168,walk,2025-11-21 19:08:51.950000+00:00,2025-11-21 19:35:54.373000+00:00,27.04,74.49,1.082,2025-11-21,2025-11-21 19:08:52.447000+00:00,2025-11-21,2025-11-21,2025-11-21 19:08:51,2025-11-21 19:35:54,2025-11-21 19:08:52,2025-11-21
169,walk,2025-11-22 02:04:58.811000+00:00,2025-11-22 04:12:44.527000+00:00,127.76,353.28,5.110,2025-11-22,2025-11-22 02:04:58.648000+00:00,2025-11-22,2025-11-22,2025-11-22 02:04:58,2025-11-22 04:12:44,2025-11-22 02:04:58,2025-11-22
170,walk,2025-11-22 06:28:55.861000+00:00,2025-11-22 08:19:04.953000+00:00,110.15,304.54,4.406,2025-11-22,2025-11-22 06:28:56.441000+00:00,2025-11-22,2025-11-22,2025-11-22 06:28:55,2025-11-22 08:19:04,2025-11-22 06:28:56,2025-11-22
171,walk,2025-11-22 19:43:09.325000+00:00,2025-11-22 20:00:42.541000+00:00,17.55,48.23,0.702,2025-11-22,2025-11-22 19:43:09.034000+00:00,2025-11-22,2025-11-22,2025-11-22 19:43:09,2025-11-22 20:00:42,2025-11-22 19:43:09,2025-11-22
172,walk,2025-11-22 20:01:02.448000+00:00,2025-11-22 22:46:02.522000+00:00,165.00,456.36,6.600,2025-11-23,2025-11-22 20:01:02.194000+00:00,2025-11-22,2025-11-23,2025-11-22 20:01:02,2025-11-22 22:46:02,2025-11-22 20:01:02,2025-11-22
173,walk,2025-11-23 09:02:15.575000+00:00,2025-11-23 09:10:59.625000+00:00,8.73,23.82,0.349,2025-11-23,2025-11-23 09:02:16.376000+00:00,2025-11-23,2025-11-23,2025-11-23 09:02:15,2025-11-23 09:10:59,2025-11-23 09:02:16,2025-11-23
174,walk,2025-11-23 10:55:15.914000+00:00,2025-11-23 11:47:03.625000+00:00,51.80,143.01,2.072,2025-11-23,2025-11-23 10:55:16.460000+00:00,2025-11-23,2025-11-23,2025-11-23 10:55:15,2025-11-23 11:47:03,2025-11-23 10:55:16,2025-11-23
175,walk,2025-11-25 01:07:09.241000+00:00,2025-11-25 04:52:23.645000+00:00,225.24,623.10,9.010,2025-11-25,2025-11-25 01:07:09.161000+00:00,2025-11-25,2025-11-25,2025-11-25 01:07:09,2025-11-25 04:52:23,2025-11-25 01:07:09,2025-11-25
176,walk,2025-11-25 20:02:26.353000+00:00,2025-11-25 20:47:04.980000+00:00,44.64,123.21,1.786,2025-11-26,2025-11-25 20:02:26.178000+00:00,2025-11-25,2025-11-26,2025-11-25 20:02:26,2025-11-25 20:47:04,2025-11-25 20:02:26,2025-11-25
177,walk,2025-11-26 02:24:07.400000+00:00,2025-11-26 03:01:53.538000+00:00,37.77,104.18,1.511,2025-11-26,2025-11-26 02:24:07.167000+00:00,2025-11-26,2025-11-26,2025-11-26 02:24:07,2025-11-26 03:01:53,2025-11-26 02:24:07,2025-11-26
178,walk,2025-11-27 01:02:19.665000+00:00,2025-11-27 01:43:49.523000+00:00,41.50,114.50,1.660,2025-11-27,2025-11-27 01:02:19.331000+00:00,2025-11-27,2025-11-27,2025-11-27 01:02:19,2025-11-27 01:43:49,2025-11-27 01:02:19,2025-11-27
