id,amount,source,description,category,transaction_date,created_at,updated_at,transaction_date_readable,created_at_readable,updated_at_readable,transaction_type,amount_absolute
24,1472.0,Tabby,Tabby Initial (Oct),Income,2025-10-02,2025-10-02 07:58:01.629000+00:00,2025-10-02,2025-10-02,2025-10-02 07:58:01,2025-10-02,Income,1472.0
25,2288.0,FAB Savings,FAB Saving Initial (Oct),Income,2025-10-02,2025-10-02 07:58:36.354000+00:00,2025-10-02,2025-10-02,2025-10-02 07:58:36,2025-10-02,Income,2288.0
26,2509.0,FAB Credit,FAB Credit Initial (Oct),Income,2025-10-02,2025-10-02 07:58:59.066000+00:00,2025-10-02,2025-10-02,2025-10-02 07:58:59,2025-10-02,Income,2509.0
27,3752.0,Al Hilal,Al Hilal Initial (Oct),Income,2025-10-02,2025-10-02 07:59:34.328000+00:00,2025-10-02,2025-10-02,2025-10-02 07:59:34,2025-10-02,Income,3752.0
28,3330.0,Mashreq,Mashreq Initial (Oct),Income,2025-10-02,2025-10-02 08:00:25.719000+00:00,2025-10-02,2025-10-02,2025-10-02 08:00:25,2025-10-02,Income,3330.0
29,-18.0,Tabby,Jumbo Chicken Shawarma ,Food,2025-10-02,2025-10-02 08:23:36.125000+00:00,2025-10-02,2025-10-02,2025-10-02 08:23:36,2025-10-02,Expense,18.0
30,-33.0,Tabby,Velvety Matcha ,Food,2025-10-02,2025-10-02 08:51:49.263000+00:00,2025-10-02,2025-10-02,2025-10-02 08:51:49,2025-10-02,Expense,33.0
31,-59.0,Al Hilal,Uber to home ,Transportation,2025-10-02,2025-10-02 12:13:27.319000+00:00,2025-10-02,2025-10-02,2025-10-02 12:13:27,2025-10-02,Expense,59.0
32,-32.0,Al Hilal,To Smart Point landlord ,Transportation,2025-10-02,2025-10-02 12:38:37.056000+00:00,2025-10-02,2025-10-02,2025-10-02 12:38:37,2025-10-02,Expense,32.0
33,-177.0,Mashreq,Vadik Stef mooncakes ,Others,2025-10-02,2025-10-02 13:27:03.070000+00:00,2025-10-02,2025-10-02,2025-10-02 13:27:03,2025-10-02,Expense,177.0
34,-53.0,Al Hilal,To NYU ,Transportation,2025-10-02,2025-10-02 13:58:02.296000+00:00,2025-10-02,2025-10-02,2025-10-02 13:58:02,2025-10-02,Expense,53.0
35,-69.0,Al Hilal,Uber back home,Transportation,2025-10-02,2025-10-02 14:17:21.553000+00:00,2025-10-02,2025-10-02,2025-10-02 14:17:21,2025-10-02,Expense,69.0
36,-697.0,Al Hilal,Wifi,Maintenance,2025-10-03,2025-10-03 02:55:34.969000+00:00,2025-10-03,2025-10-03,2025-10-03 02:55:34,2025-10-03,Expense,697.0
37,-368.0,Al Hilal,Claude ,Subscriptions,2025-10-03,2025-10-03 02:56:40.917000+00:00,2025-10-03,2025-10-03,2025-10-03 02:56:40,2025-10-03,Expense,368.0
38,-21.0,Mashreq,Fall below fees,Business,2025-10-03,2025-10-03 07:21:02.045000+00:00,2025-10-03,2025-10-03,2025-10-03 07:21:02,2025-10-03,Expense,21.0
39,-30.5,FAB Savings,Food rice,Food,2025-10-03,2025-10-03 08:30:10.795000+00:00,2025-10-03,2025-10-03,2025-10-03 08:30:10,2025-10-03,Expense,30.5
40,-150.0,Mashreq,Mankind perfume ,Others,2025-10-03,2025-10-03 14:47:44.858000+00:00,2025-10-03,2025-10-03,2025-10-03 14:47:44,2025-10-03,Expense,150.0
41,-74.0,FAB Savings,Beef 1 kg and steak,Food,2025-10-03,2025-10-03 15:26:45.355000+00:00,2025-10-03,2025-10-03,2025-10-03 15:26:45,2025-10-03,Expense,74.0
42,-19.0,Al Hilal,To paragon ,Transportation,2025-10-03,2025-10-03 16:40:55.801000+00:00,2025-10-03,2025-10-03,2025-10-03 16:40:55,2025-10-03,Expense,19.0
43,-300.0,FAB Savings,Teamlabs with Li,Entertainment,2025-10-04,2025-10-04 07:37:11.837000+00:00,2025-10-04,2025-10-04,2025-10-04 07:37:11,2025-10-04,Expense,300.0
44,-10.0,Tabby,Barley Tea,Food,2025-10-04,2025-10-04 14:42:36.436000+00:00,2025-10-04,2025-10-04,2025-10-04 14:42:36,2025-10-04,Expense,10.0
45,-20.0,Tabby,Delice Bread and milk ,Food,2025-10-04,2025-10-04 21:20:34.351000+00:00,2025-10-04,2025-10-04,2025-10-04 21:20:34,2025-10-04,Expense,20.0
46,-33.0,Tabby,Taxi to home ,Transportation,2025-10-04,2025-10-04 21:21:28.749000+00:00,2025-10-04,2025-10-04,2025-10-04 21:21:28,2025-10-04,Expense,33.0
47,-57.0,Mashreq,Uber to campus ,Transportation,2025-10-05,2025-10-05 11:28:00.843000+00:00,2025-10-05,2025-10-05,2025-10-05 11:28:00,2025-10-05,Expense,57.0
48,-141.0,FAB Savings,Burger at MYSK,Food,2025-10-06,2025-10-06 05:05:45.671000+00:00,2025-10-06,2025-10-06,2025-10-06 05:05:45,2025-10-06,Expense,141.0
49,-3.0,FAB Savings,Vending Machine,Food,2025-10-06,2025-10-06 05:05:58.403000+00:00,2025-10-06,2025-10-06,2025-10-06 05:05:58,2025-10-06,Expense,3.0
50,-23.0,FAB Savings,Taxi to Grand Emirates,Transportation,2025-10-06,2025-10-06 05:06:16.913000+00:00,2025-10-06,2025-10-06,2025-10-06 05:06:16,2025-10-06,Expense,23.0
51,-12.0,FAB Savings,Sausages,Food,2025-10-06,2025-10-06 05:06:31.011000+00:00,2025-10-06,2025-10-06,2025-10-06 05:06:31,2025-10-06,Expense,12.0
52,-54.0,Mashreq,Taxi to campus,Transportation,2025-10-06,2025-10-06 05:07:02.181000+00:00,2025-10-06,2025-10-06,2025-10-06 05:07:02,2025-10-06,Expense,54.0
53,-57.0,Mashreq,To campus ,Transportation,2025-10-06,2025-10-06 07:45:10.136000+00:00,2025-10-06,2025-10-06,2025-10-06 07:45:10,2025-10-06,Expense,57.0
54,-79.0,Mashreq,3D filament order ,Business,2025-10-06,2025-10-06 09:02:28.919000+00:00,2025-10-06,2025-10-06,2025-10-06 09:02:28,2025-10-06,Expense,79.0
55,-37.0,Al Hilal,Mongolian bowl,Food,2025-10-06,2025-10-06 09:31:48.493000+00:00,2025-10-06,2025-10-06,2025-10-06 09:31:48,2025-10-06,Expense,37.0
56,-54.0,Al Hilal,Uber back home ,Transportation,2025-10-06,2025-10-06 09:58:11.378000+00:00,2025-10-06,2025-10-06,2025-10-06 09:58:11,2025-10-06,Expense,54.0
57,-101.0,Al Hilal,To tramlabs Abu Dhabi ,Transportation,2025-10-06,2025-10-06 11:22:42.194000+00:00,2025-10-06,2025-10-06,2025-10-06 11:22:42,2025-10-06,Expense,101.0
58,367.0,FAB Savings,Shader 50% remain,Income,2025-10-06,2025-10-06 19:17:54.314000+00:00,2025-10-06,2025-10-06,2025-10-06 19:17:54,2025-10-06,Income,367.0
59,-71.0,Al Hilal,Mysk (Charlie Stef),Food,2025-10-08,2025-10-10 17:33:03.042000+00:00,2025-10-10,2025-10-08,2025-10-10 17:33:03,2025-10-10,Expense,71.0
60,-57.0,Al Hilal,Uber to campus,Transportation,2025-10-07,2025-10-10 17:33:44.292000+00:00,2025-10-10,2025-10-07,2025-10-10 17:33:44,2025-10-10,Expense,57.0
61,-44.0,Al Hilal,At Adnoc,Food,2025-10-11,2025-10-11 08:51:06.084000+00:00,2025-10-11,2025-10-11,2025-10-11 08:51:06,2025-10-11,Expense,44.0
62,-9.0,Tabby,Water,Food,2025-10-11,2025-10-11 09:27:57.386000+00:00,2025-10-11,2025-10-11,2025-10-11 09:27:57,2025-10-11,Expense,9.0
63,-200.0,FAB Savings,Pay for tabby,Maintenance,2025-10-11,2025-10-11 10:10:54.176000+00:00,2025-10-11,2025-10-11,2025-10-11 10:10:54,2025-10-11,Expense,200.0
64,-500.0,FAB Savings,Cash out for bath basin,Maintenance,2025-10-11,2025-10-11 10:48:34.737000+00:00,2025-10-11,2025-10-11,2025-10-11 10:48:34,2025-10-11,Expense,500.0
65,-650.0,Tabby,"Al Wahdah, Pot and grocery",Maintenance,2025-10-11,2025-10-11 17:49:09.655000+00:00,2025-10-11,2025-10-11,2025-10-11 17:49:09,2025-10-11,Expense,650.0
66,-168.0,Al Hilal,Steam VR Half Life,Entertainment,2025-10-12,2025-10-12 10:50:33.874000+00:00,2025-10-12,2025-10-12,2025-10-12 10:50:33,2025-10-12,Expense,168.0
67,3768.0,FAB Savings,Concur payment ,Income,2025-10-16,2025-10-16 15:11:26.806000+00:00,2025-10-16,2025-10-16,2025-10-16 15:11:26,2025-10-16,Income,3768.0
68,-72.0,FAB Savings,D2 Food,Food,2025-10-07,2025-10-19 20:56:07.021000+00:00,2025-10-19,2025-10-07,2025-10-19 20:56:07,2025-10-19,Expense,72.0
69,-23.0,FAB Savings,D2,Food,2025-10-08,2025-10-19 22:07:43.052000+00:00,2025-10-19,2025-10-08,2025-10-19 22:07:43,2025-10-19,Expense,23.0
70,-54.0,FAB Savings,Hydroponics 50Pcs Grow Sponges,Maintenance,2025-10-09,2025-10-19 22:09:12.165000+00:00,2025-10-19,2025-10-09,2025-10-19 22:09:12,2025-10-19,Expense,54.0
71,-15.0,FAB Savings,Github Pro,Subscriptions,2025-10-09,2025-10-19 22:09:52.939000+00:00,2025-10-19,2025-10-09,2025-10-19 22:09:52,2025-10-19,Expense,15.0
72,-355.0,FAB Savings,Grocery at delice with washing machine gels,Maintenance,2025-10-10,2025-10-19 22:10:39.687000+00:00,2025-10-19,2025-10-10,2025-10-19 22:10:39,2025-10-19,Expense,355.0
73,-405.0,FAB Savings,Bath Tray and Insect Pest Control,Maintenance,2025-10-11,2025-10-19 22:14:05.373000+00:00,2025-10-19,2025-10-11,2025-10-19 22:14:05,2025-10-19,Expense,405.0
74,-200.0,FAB Savings,For Tabby,Maintenance,2025-10-11,2025-10-19 22:14:54.891000+00:00,2025-10-19,2025-10-11,2025-10-19 22:14:54,2025-10-19,Expense,200.0
75,-503.0,FAB Savings,Bath Tray,Food,2025-10-11,2025-10-19 22:15:17.465000+00:00,2025-10-19,2025-10-11,2025-10-19 22:15:17,2025-10-19,Expense,503.0
76,-2215.0,FAB Credit,AC Purchase,Maintenance,2025-10-11,2025-10-19 22:16:06.535000+00:00,2025-10-19,2025-10-11,2025-10-19 22:16:06,2025-10-19,Expense,2215.0
77,-34.0,FAB Savings,Talabat Payment,Food,2025-10-14,2025-10-19 22:16:39.630000+00:00,2025-10-19,2025-10-14,2025-10-19 22:16:39,2025-10-19,Expense,34.0
78,-19.0,FAB Savings,Todoist ,Subscriptions,2025-10-15,2025-10-19 22:17:06.179000+00:00,2025-10-19,2025-10-15,2025-10-19 22:17:06,2025-10-19,Expense,19.0
79,-45.0,FAB Savings,Campus Convenience Store Food,Food,2025-10-15,2025-10-19 22:17:38.979000+00:00,2025-10-19,2025-10-15,2025-10-19 22:17:38,2025-10-19,Expense,45.0
80,-12.0,FAB Savings,Campus Convenience Store Food,Food,2025-10-15,2025-10-19 22:17:58.197000+00:00,2025-10-19,2025-10-15,2025-10-19 22:17:58,2025-10-19,Expense,12.0
81,-27.0,FAB Savings,Taxi Dental clinic,Transportation,2025-10-16,2025-10-19 22:18:39.411000+00:00,2025-10-19,2025-10-16,2025-10-19 22:18:39,2025-10-19,Expense,27.0
82,-40.0,FAB Savings,Google One,Subscriptions,2025-10-17,2025-10-19 22:19:05.435000+00:00,2025-10-19,2025-10-17,2025-10-19 22:19:05,2025-10-19,Expense,40.0
83,-38.0,FAB Savings,Talabat Post Paid,Food,2025-10-17,2025-10-19 22:19:24.076000+00:00,2025-10-19,2025-10-17,2025-10-19 22:19:24,2025-10-19,Expense,38.0
84,-38.0,FAB Savings,Talabat Post Paid,Food,2025-10-18,2025-10-19 22:20:12.577000+00:00,2025-10-19,2025-10-18,2025-10-19 22:20:12,2025-10-19,Expense,38.0
85,-70.0,FAB Savings,Li to Home Uber,Transportation,2025-10-18,2025-10-19 22:20:44.030000+00:00,2025-10-19,2025-10-18,2025-10-19 22:20:44,2025-10-19,Expense,70.0
86,-52.0,FAB Savings,Talabat Post Paid,Food,2025-10-19,2025-10-19 22:21:12.576000+00:00,2025-10-19,2025-10-19,2025-10-19 22:21:12,2025-10-19,Expense,52.0
87,-3520.0,FAB Savings,Hotel Payment for Family HK Trip,Others,2025-10-19,2025-10-19 22:21:39.020000+00:00,2025-10-19,2025-10-19,2025-10-19 22:21:39,2025-10-19,Expense,3520.0
88,-455.0,Mashreq,Date with Li at Asia Asia,Food,2025-10-06,2025-10-19 22:26:34.586000+00:00,2025-10-19,2025-10-06,2025-10-19 22:26:34,2025-10-19,Expense,455.0
89,-10.0,Mashreq,Vending Machine,Food,2025-10-07,2025-10-19 22:27:09.173000+00:00,2025-10-19,2025-10-07,2025-10-19 22:27:09,2025-10-19,Expense,10.0
90,-47.0,Mashreq,M2 Screw Order,Business,2025-10-08,2025-10-19 22:27:45.026000+00:00,2025-10-19,2025-10-08,2025-10-19 22:27:45,2025-10-19,Expense,47.0
91,-43.0,Mashreq,IKEA,Maintenance,2025-10-13,2025-10-19 22:28:45.176000+00:00,2025-10-19,2025-10-13,2025-10-19 22:28:45,2025-10-19,Expense,43.0
92,-400.0,Mashreq,Massage,Entertainment,2025-10-14,2025-10-19 22:32:25.668000+00:00,2025-10-19,2025-10-14,2025-10-19 22:32:25,2025-10-19,Expense,400.0
93,-45.0,Mashreq,Express VPN,Subscriptions,2025-10-15,2025-10-19 22:33:02.163000+00:00,2025-10-19,2025-10-15,2025-10-19 22:33:02,2025-10-19,Expense,45.0
94,-281.0,Mashreq,STD Kit - Whizz,Health,2025-10-15,2025-10-19 22:33:29.828000+00:00,2025-10-19,2025-10-15,2025-10-19 22:33:29,2025-10-19,Expense,281.0
95,-85.0,Mashreq,Credit Score Check,Business,2025-10-15,2025-10-19 22:33:53.944000+00:00,2025-10-19,2025-10-15,2025-10-19 22:33:53,2025-10-19,Expense,85.0
96,-65.0,Mashreq,Uber to Dental Clinic,Transportation,2025-10-16,2025-10-19 22:34:51.935000+00:00,2025-10-19,2025-10-16,2025-10-19 22:34:51,2025-10-19,Expense,65.0
97,-69.0,Mashreq,Food at Marina,Food,2025-10-16,2025-10-19 22:35:23.914000+00:00,2025-10-19,2025-10-16,2025-10-19 22:35:23,2025-10-19,Expense,69.0
98,-74.0,Mashreq,Cursor,Subscriptions,2025-10-18,2025-10-19 22:35:46.015000+00:00,2025-10-19,2025-10-18,2025-10-19 22:35:46,2025-10-19,Expense,74.0
99,-92.0,Mashreq,IG Ads,Subscriptions,2025-10-19,2025-10-19 22:36:19.380000+00:00,2025-10-19,2025-10-19,2025-10-19 22:36:19,2025-10-19,Expense,92.0
100,-57.0,Tabby,Li Taxi,Transportation,2025-10-06,2025-10-19 22:41:57.816000+00:00,2025-10-19,2025-10-06,2025-10-19 22:41:57,2025-10-19,Expense,57.0
101,-18.0,Tabby,Campus Snack,Food,2025-10-07,2025-10-19 22:42:18.482000+00:00,2025-10-19,2025-10-07,2025-10-19 22:42:18,2025-10-19,Expense,18.0
102,-31.0,Tabby,D2 Meal,Food,2025-10-07,2025-10-19 22:42:33.350000+00:00,2025-10-19,2025-10-07,2025-10-19 22:42:33,2025-10-19,Expense,31.0
103,-45.0,Tabby,Campus food,Food,2025-10-08,2025-10-19 22:42:52.365000+00:00,2025-10-19,2025-10-08,2025-10-19 22:42:52,2025-10-19,Expense,45.0
104,-20.0,Tabby,Grandiose Plant Hydroponics Basil,Maintenance,2025-10-10,2025-10-19 22:43:15.353000+00:00,2025-10-19,2025-10-10,2025-10-19 22:43:15,2025-10-19,Expense,20.0
105,-13.0,Tabby,Taxi,Transportation,2025-10-11,2025-10-19 22:43:51.272000+00:00,2025-10-19,2025-10-11,2025-10-19 22:43:51,2025-10-19,Expense,13.0
106,-178.0,Tabby,Rug at Homecenter,Maintenance,2025-10-13,2025-10-19 22:44:19.427000+00:00,2025-10-19,2025-10-13,2025-10-19 22:44:19,2025-10-19,Expense,178.0
107,-463.0,Tabby,Rugs and Pants and Grocery,Maintenance,2025-10-13,2025-10-19 22:44:45.493000+00:00,2025-10-19,2025-10-13,2025-10-19 22:44:45,2025-10-19,Expense,463.0
108,-65.0,Tabby,Fever Medicine,Health,2025-10-13,2025-10-19 22:45:08.472000+00:00,2025-10-19,2025-10-13,2025-10-19 22:45:08,2025-10-19,Expense,65.0
109,-34.0,Tabby,Taxi Campus,Transportation,2025-10-15,2025-10-19 22:45:35.757000+00:00,2025-10-19,2025-10-15,2025-10-19 22:45:35,2025-10-19,Expense,34.0
110,-30.0,Tabby,Teeth Clean,Health,2025-10-16,2025-10-19 22:45:54.876000+00:00,2025-10-19,2025-10-16,2025-10-19 22:45:54,2025-10-19,Expense,30.0
111,-133.0,Tabby,Li Steak Buy,Food,2025-10-17,2025-10-19 22:46:28.642000+00:00,2025-10-19,2025-10-17,2025-10-19 22:46:28,2025-10-19,Expense,133.0
112,-35.0,Tabby,Li Steak Veg,Food,2025-10-17,2025-10-19 22:46:42.987000+00:00,2025-10-19,2025-10-17,2025-10-19 22:46:42,2025-10-19,Expense,35.0
113,-13.0,Tabby,Lime,Food,2025-10-18,2025-10-19 22:47:12.360000+00:00,2025-10-19,2025-10-18,2025-10-19 22:47:12,2025-10-19,Expense,13.0
114,-40.0,Tabby,Midnight Food,Food,2025-10-18,2025-10-19 22:47:28.850000+00:00,2025-10-19,2025-10-18,2025-10-19 22:47:28,2025-10-19,Expense,40.0
115,-378.0,Al Hilal,Reallusion Hair Buy,Entertainment,2025-10-09,2025-10-19 22:49:40.144000+00:00,2025-10-19,2025-10-09,2025-10-19 22:49:40,2025-10-19,Expense,378.0
116,-57.0,Al Hilal,Al Hilal,Subscriptions,2025-10-09,2025-10-19 22:49:59.535000+00:00,2025-10-19,2025-10-09,2025-10-19 22:49:59,2025-10-19,Expense,57.0
117,-48.0,Al Hilal,Uber,Transportation,2025-10-09,2025-10-19 22:50:20.425000+00:00,2025-10-19,2025-10-09,2025-10-19 22:50:20,2025-10-19,Expense,48.0
118,-55.0,Al Hilal,ADNOC Snack,Food,2025-10-10,2025-10-19 22:50:50.977000+00:00,2025-10-19,2025-10-10,2025-10-19 22:50:50,2025-10-19,Expense,55.0
119,-50.0,Al Hilal,Uber,Transportation,2025-10-10,2025-10-19 22:51:09.293000+00:00,2025-10-19,2025-10-10,2025-10-19 22:51:09,2025-10-19,Expense,50.0
120,-50.0,Al Hilal,Uber,Transportation,2025-10-10,2025-10-19 22:51:19.222000+00:00,2025-10-19,2025-10-10,2025-10-19 22:51:19,2025-10-19,Expense,50.0
121,-14.0,Al Hilal,Yango Taxi,Transportation,2025-10-11,2025-10-19 22:52:20.013000+00:00,2025-10-19,2025-10-11,2025-10-19 22:52:20,2025-10-19,Expense,14.0
122,-70.0,Al Hilal,Water Mug Amazon,Maintenance,2025-10-11,2025-10-19 22:52:59.821000+00:00,2025-10-19,2025-10-11,2025-10-19 22:52:59,2025-10-19,Expense,70.0
123,-44.0,Al Hilal,Adnoc Snack,Food,2025-10-11,2025-10-19 22:53:34.648000+00:00,2025-10-19,2025-10-11,2025-10-19 22:53:34,2025-10-19,Expense,44.0
124,-200.0,Al Hilal,Bath Tray,Maintenance,2025-10-12,2025-10-19 22:54:04.846000+00:00,2025-10-19,2025-10-12,2025-10-19 22:54:04,2025-10-19,Expense,200.0
125,-24.0,Al Hilal,Yango Taxi,Transportation,2025-10-13,2025-10-19 22:54:41.747000+00:00,2025-10-19,2025-10-13,2025-10-19 22:54:41,2025-10-19,Expense,24.0
126,-17.0,Al Hilal,D2,Food,2025-10-15,2025-10-19 22:55:03.307000+00:00,2025-10-19,2025-10-15,2025-10-19 22:55:03,2025-10-19,Expense,17.0
127,-33.0,Al Hilal,Grandiose Basil Plant for Hydroponics,Maintenance,2025-10-15,2025-10-19 22:56:01.412000+00:00,2025-10-19,2025-10-15,2025-10-19 22:56:01,2025-10-19,Expense,33.0
128,-49.0,Al Hilal,Uber,Transportation,2025-10-15,2025-10-19 22:56:20.874000+00:00,2025-10-19,2025-10-15,2025-10-19 22:56:20,2025-10-19,Expense,49.0
129,-95.0,Al Hilal,Siggraph Asia Registration,Business,2025-10-16,2025-10-19 22:57:05.236000+00:00,2025-10-19,2025-10-16,2025-10-19 22:57:05,2025-10-19,Expense,95.0
130,-52.0,Al Hilal,Uber,Transportation,2025-10-16,2025-10-19 22:57:28.348000+00:00,2025-10-19,2025-10-16,2025-10-19 22:57:28,2025-10-19,Expense,52.0
131,-35.0,Al Hilal,D2,Food,2025-10-16,2025-10-19 22:57:39.618000+00:00,2025-10-19,2025-10-16,2025-10-19 22:57:39,2025-10-19,Expense,35.0
132,-954.0,Mashreq, Hotel Payment for Family HK Trip,Others,2025-10-19,2025-10-19 23:17:44.810000+00:00,2025-10-19,2025-10-19,2025-10-19 23:17:44,2025-10-19,Expense,954.0
133,-40.0,Al Hilal,Taxi to Campus,Transportation,2025-10-20,2025-10-20 05:56:36.112000+00:00,2025-10-20,2025-10-20,2025-10-20 05:56:36,2025-10-20,Expense,40.0
134,-19.0,Tabby,Chicken zinger,Food,2025-10-20,2025-10-20 09:02:17.993000+00:00,2025-10-20,2025-10-20,2025-10-20 09:02:17,2025-10-20,Expense,19.0
135,-99.0,Tabby,2 kg beef (two or 3 days) ,Food,2025-10-20,2025-10-20 13:08:44.236000+00:00,2025-10-20,2025-10-20,2025-10-20 13:08:44,2025-10-20,Expense,99.0
136,-1035.0,Tabby,Clothes shopping with Stefania ,Maintenance,2025-10-21,2025-10-21 17:33:49.254000+00:00,2025-10-21,2025-10-21,2025-10-21 17:33:49,2025-10-21,Expense,1035.0
137,-10.0,Tabby,Orange juice at YAS,Food,2025-10-21,2025-10-21 17:34:05.227000+00:00,2025-10-21,2025-10-21,2025-10-21 17:34:05,2025-10-21,Expense,10.0
138,-47.0,Tabby,Taxi to NYU,Transportation,2025-10-21,2025-10-21 19:54:16.479000+00:00,2025-10-21,2025-10-21,2025-10-21 19:54:16,2025-10-21,Expense,47.0
139,-34.0,Tabby,Taxi to home,Transportation,2025-10-21,2025-10-21 19:54:24.826000+00:00,2025-10-21,2025-10-21,2025-10-21 19:54:24,2025-10-21,Expense,34.0
140,-15.0,Tabby,Delice,Food,2025-10-21,2025-10-21 19:54:34.251000+00:00,2025-10-21,2025-10-21,2025-10-21 19:54:34,2025-10-21,Expense,15.0
141,-54.0,Al Hilal,Uber ,Transportation,2025-10-22,2025-10-22 08:21:03.794000+00:00,2025-10-22,2025-10-22,2025-10-22 08:21:03,2025-10-22,Expense,54.0
142,-57.0,Tabby,Stress eat ADNOC,Food,2025-10-22,2025-10-22 17:17:52.729000+00:00,2025-10-22,2025-10-22,2025-10-22 17:17:52,2025-10-22,Expense,57.0
143,-50.0,Al Hilal,Uber to campus for EEG,Transportation,2025-10-23,2025-10-23 08:35:44.203000+00:00,2025-10-23,2025-10-23,2025-10-23 08:35:44,2025-10-23,Expense,50.0
144,-50.0,Al Hilal,D2 chicken ,Food,2025-10-23,2025-10-23 09:32:31.497000+00:00,2025-10-23,2025-10-23,2025-10-23 09:32:31,2025-10-23,Expense,50.0
145,-58.0,Al Hilal,Space station 3D,Business,2025-10-23,2025-10-23 10:11:47.255000+00:00,2025-10-23,2025-10-23,2025-10-23 10:11:47,2025-10-23,Expense,58.0
146,-687.0,Tabby,"Lu LU grocery, pants, toiletries, bbq sauce, jojoba oil, salmon ",Maintenance,2025-10-23,2025-10-23 13:12:03.618000+00:00,2025-10-23,2025-10-23,2025-10-23 13:12:03,2025-10-23,Expense,687.0
147,-12.0,Tabby,Taxi to home ,Transportation,2025-10-23,2025-10-23 15:52:33.374000+00:00,2025-10-23,2025-10-23,2025-10-23 15:52:33,2025-10-23,Expense,12.0
148,-184.0,Al Hilal,Teeth Whitening,Health,2025-10-24,2025-10-24 08:43:49.198000+00:00,2025-10-24,2025-10-24,2025-10-24 08:43:49,2025-10-24,Expense,184.0
149,-47.0,Al Hilal,Amazon Drill Head,Business,2025-10-24,2025-10-24 08:44:03.024000+00:00,2025-10-24,2025-10-24,2025-10-24 08:44:03,2025-10-24,Expense,47.0
150,-82.0,Tabby,Transport to and from Dental Clinic,Transportation,2025-10-24,2025-10-24 08:44:35.384000+00:00,2025-10-24,2025-10-24,2025-10-24 08:44:35,2025-10-24,Expense,82.0
151,-100.0,Al Hilal,Talabat Subscription,Food,2025-10-24,2025-10-24 11:30:29.711000+00:00,2025-10-24,2025-10-24,2025-10-24 11:30:29,2025-10-24,Expense,100.0
152,-5.0,Al Hilal,Milk,Food,2025-10-24,2025-10-24 12:44:30.433000+00:00,2025-10-24,2025-10-24,2025-10-24 12:44:30,2025-10-24,Expense,5.0
153,-42.0,Tabby,Chicken breast ,Food,2025-10-24,2025-10-24 12:44:40.122000+00:00,2025-10-24,2025-10-24,2025-10-24 12:44:40,2025-10-24,Expense,42.0
154,-106.52,Al Hilal,Higgsfield,Subscriptions,2025-10-25,2025-10-25 10:18:39.694000+00:00,2025-10-25,2025-10-25,2025-10-25 10:18:39,2025-10-25,Expense,106.52
155,-32.0,Al Hilal,Kabayan Zone food,Food,2025-10-25,2025-10-25 10:19:27.394000+00:00,2025-10-25,2025-10-25,2025-10-25 10:19:27,2025-10-25,Expense,32.0
156,-22.25,Al Hilal,ADNOC bread for IG,Food,2025-10-25,2025-10-25 10:19:42.803000+00:00,2025-10-25,2025-10-25,2025-10-25 10:19:42,2025-10-25,Expense,22.25
157,-12.0,Tabby,Taxi to Home,Transportation,2025-10-25,2025-10-25 10:20:03.437000+00:00,2025-10-25,2025-10-25,2025-10-25 10:20:03,2025-10-25,Expense,12.0
158,-80.0,Tabby,Meat Chicken,Food,2025-10-25,2025-10-25 17:13:26.947000+00:00,2025-10-25,2025-10-25,2025-10-25 17:13:26,2025-10-25,Expense,80.0
159,-88.0,Tabby,D2,Food,2025-10-26,2025-10-29 07:32:29.476000+00:00,2025-10-29,2025-10-26,2025-10-29 07:32:29,2025-10-29,Expense,88.0
160,-17.0,Tabby,Stress Eat Vending Chocolate,Food,2025-10-27,2025-10-29 07:32:59.822000+00:00,2025-10-29,2025-10-27,2025-10-29 07:32:59,2025-10-29,Expense,17.0
161,-11.0,Al Hilal,Barley Tea,Food,2025-10-26,2025-10-29 07:34:24.063000+00:00,2025-10-29,2025-10-26,2025-10-29 07:34:24,2025-10-29,Expense,11.0
162,-46.0,Al Hilal,D2 and Delice,Food,2025-10-27,2025-10-29 07:35:04.037000+00:00,2025-10-29,2025-10-27,2025-10-29 07:35:04,2025-10-29,Expense,46.0
163,-47.0,Al Hilal,Uber,Transportation,2025-10-27,2025-10-29 07:35:20.358000+00:00,2025-10-29,2025-10-27,2025-10-29 07:35:20,2025-10-29,Expense,47.0
164,19136.5,FAB Savings,"Salary 
19136.50",Income,2025-10-27,2025-10-29 07:38:41.227000+00:00,2025-10-29,2025-10-27,2025-10-29 07:38:41,2025-10-29,Income,19136.5
165,-1.5,FAB Savings,Grandiose Water,Food,2025-10-28,2025-10-29 07:39:38.732000+00:00,2025-10-29,2025-10-28,2025-10-29 07:39:38,2025-10-29,Expense,1.5
166,-303.0,FAB Savings,Tabby Extensions,Subscriptions,2025-10-28,2025-10-29 07:40:52.243000+00:00,2025-10-29,2025-10-28,2025-10-29 07:40:52,2025-10-29,Expense,303.0
167,-11.0,FAB Savings,Google One,Subscriptions,2025-10-28,2025-10-29 07:41:18.834000+00:00,2025-10-29,2025-10-28,2025-10-29 07:41:18,2025-10-29,Expense,11.0
168,-65.0,FAB Savings,Talabat Post Paid,Food,2025-10-28,2025-10-29 07:41:53.699000+00:00,2025-10-29,2025-10-28,2025-10-29 07:41:53,2025-10-29,Expense,65.0
169,-14.0,FAB Savings,Tabby Extensions,Subscriptions,2025-10-28,2025-10-29 07:42:28.613000+00:00,2025-10-29,2025-10-28,2025-10-29 07:42:28,2025-10-29,Expense,14.0
170,-8.5,FAB Savings,Water,Food,2025-10-28,2025-10-29 07:42:54.349000+00:00,2025-10-29,2025-10-28,2025-10-29 07:42:54,2025-10-29,Expense,8.5
171,-15.0,FAB Savings,Falooda Stress Eat,Food,2025-10-28,2025-10-29 07:43:11.398000+00:00,2025-10-29,2025-10-28,2025-10-29 07:43:11,2025-10-29,Expense,15.0
172,-62.0,FAB Savings,Uber to Campus,Transportation,2025-10-29,2025-10-29 07:43:32.092000+00:00,2025-10-29,2025-10-29,2025-10-29 07:43:32,2025-10-29,Expense,62.0
173,-28.0,FAB Savings,D2 Breakfast,Food,2025-10-29,2025-10-29 07:43:48.105000+00:00,2025-10-29,2025-10-29,2025-10-29 07:43:48,2025-10-29,Expense,28.0
174,-62.0,FAB Savings,Talabat post paid,Food,2025-10-29,2025-10-29 07:55:14.333000+00:00,2025-10-29,2025-10-29,2025-10-29 07:55:14,2025-10-29,Expense,62.0
175,554.0,FAB Savings,Stocks Total Portfolio,Income,2025-10-29,2025-10-29 07:56:30.623000+00:00,2025-10-29,2025-10-29,2025-10-29 07:56:30,2025-10-29,Income,554.0
176,-966.0,FAB Savings,Actual Net Worth Readjustment (Oct),Others,2025-10-29,2025-10-29 07:59:20.127000+00:00,2025-10-29,2025-10-29,2025-10-29 07:59:20,2025-10-29,Expense,966.0
177,-212.7,Al Hilal,Blue Shaver for Phaung Phaung,Others,2025-10-29,2025-10-29 08:08:35.667000+00:00,2025-10-29,2025-10-29,2025-10-29 08:08:35,2025-10-29,Expense,212.7
178,2608.0,FAB Credit,Actual Net Worth Readjustment - forgot FAB Credit (Oct),Income,2025-10-29,2025-10-29 08:15:50.645000+00:00,2025-10-29,2025-10-29,2025-10-29 08:15:50,2025-10-29,Income,2608.0
179,-100.8,Mashreq,Beard waxing ,Health,2025-10-29,2025-10-29 10:25:31.961000+00:00,2025-10-29,2025-10-29,2025-10-29 10:25:31,2025-10-29,Expense,100.8
180,521.0,FAB Savings,Concur payment ,Income,2025-10-29,2025-10-29 10:51:30.305000+00:00,2025-10-29,2025-10-29,2025-10-29 10:51:30,2025-10-29,Income,521.0
181,-3900.0,FAB Savings,Rent for November ,Rent,2025-10-29,2025-10-29 10:56:33.136000+00:00,2025-10-29,2025-10-29,2025-10-29 10:56:33,2025-10-29,Expense,3900.0
182,-892.61,FAB Savings,Net Worth Readjustment - after Rent,Food,2025-10-29,2025-10-29 11:08:54.528000+00:00,2025-10-29,2025-10-29,2025-10-29 11:08:54,2025-10-29,Expense,892.61
183,-388.0,FAB Savings,Claude,Subscriptions,2025-10-29,2025-10-29 11:22:21.465000+00:00,2025-10-29,2025-10-29,2025-10-29 11:22:21,2025-10-29,Expense,388.0
184,-67.0,FAB Savings,Talabat post paid,Food,2025-10-30,2025-10-30 06:43:49.145000+00:00,2025-10-30,2025-10-30,2025-10-30 06:43:49,2025-10-30,Expense,67.0
185,-21.0,Mashreq,Mashreq fall below fees,Maintenance,2025-10-30,2025-10-30 06:44:21.197000+00:00,2025-10-30,2025-10-30,2025-10-30 06:44:21,2025-10-30,Expense,21.0
186,-56.0,FAB Savings,Taxi to campus ,Transportation,2025-10-30,2025-10-30 07:35:46.148000+00:00,2025-10-30,2025-10-30,2025-10-30 07:35:46,2025-10-30,Expense,56.0
187,-3100.0,FAB Savings,Prof Eid Debt,Business,2025-10-30,2025-10-30 08:17:03.866000+00:00,2025-10-30,2025-10-30,2025-10-30 08:17:03,2025-10-30,Expense,3100.0
188,-45.0,FAB Savings,D2 food,Food,2025-10-30,2025-10-30 08:45:35.632000+00:00,2025-10-30,2025-10-30,2025-10-30 08:45:35,2025-10-30,Expense,45.0
189,-120.0,Mashreq,Chocolate for Kim,Others,2025-10-30,2025-10-31 10:59:23.188000+00:00,2025-10-31,2025-10-30,2025-10-31 10:59:23,2025-10-31,Expense,120.0
190,-78.0,Mashreq,GPT,Subscriptions,2025-10-30,2025-10-31 10:59:47.751000+00:00,2025-10-31,2025-10-30,2025-10-31 10:59:47,2025-10-31,Expense,78.0
191,-16.0,Mashreq,Taxi,Transportation,2025-10-30,2025-10-31 11:00:03.335000+00:00,2025-10-31,2025-10-30,2025-10-31 11:00:03,2025-10-31,Expense,16.0
192,-31.0,FAB Savings,Uber to Kim,Transportation,2025-10-30,2025-10-31 11:00:45.569000+00:00,2025-10-31,2025-10-30,2025-10-31 11:00:45,2025-10-31,Expense,31.0
193,-47.0,FAB Savings,Mushrif Mall Coffee,Food,2025-10-30,2025-10-31 11:01:04.466000+00:00,2025-10-31,2025-10-30,2025-10-31 11:01:04,2025-10-31,Expense,47.0
194,-20.0,Al Hilal,Taxi to pay rent,Transportation,2025-10-31,2025-10-31 13:09:56.002000+00:00,2025-10-31,2025-10-31,2025-10-31 13:09:56,2025-10-31,Expense,20.0
195,-100.0,Mashreq,Maintenance eat,Food,2025-10-31,2025-10-31 14:05:36.096000+00:00,2025-10-31,2025-10-31,2025-10-31 14:05:36,2025-10-31,Expense,100.0
196,-17.0,Mashreq,Back to home,Transportation,2025-10-31,2025-10-31 14:33:50.163000+00:00,2025-10-31,2025-10-31,2025-10-31 14:33:50,2025-10-31,Expense,17.0
197,-26.0,FAB Credit,Uber to Bao party,Transportation,2025-10-31,2025-10-31 18:48:45.280000+00:00,2025-10-31,2025-10-31,2025-10-31 18:48:45,2025-10-31,Expense,26.0
198,-12.0,Mashreq,Faalooda at Khalaidiah mall,Food,2025-10-31,2025-10-31 18:49:07.597000+00:00,2025-10-31,2025-10-31,2025-10-31 18:49:07,2025-10-31,Expense,12.0
199,-13.0,Mashreq,Back to home,Transportation,2025-10-31,2025-10-31 18:50:09.507000+00:00,2025-10-31,2025-10-31,2025-10-31 18:50:09,2025-10-31,Expense,13.0
200,538.47,Tabby,Hood Tales Post Processing,Income,2025-11-02,2025-11-02 01:42:36.429000+00:00,2025-11-02,2025-11-02,2025-11-02 01:42:36,2025-11-02,Income,538.47
201,-39.0,Mashreq,Vadik Practice Guitar,Transportation,2025-11-03,2025-11-03 11:28:15.596000+00:00,2025-11-03,2025-11-03,2025-11-03 11:28:15,2025-11-03,Expense,39.0
202,-149.0,Mashreq,Jazz Bar Salad and Mojito,Food,2025-11-02,2025-11-03 11:28:47.051000+00:00,2025-11-03,2025-11-02,2025-11-03 11:28:47,2025-11-03,Expense,149.0
203,-129.0,Mashreq,Godaddy for Phaung Phaung (3 months),Subscriptions,2025-11-02,2025-11-03 11:29:05.708000+00:00,2025-11-03,2025-11-02,2025-11-03 11:29:05,2025-11-03,Expense,129.0
204,-60.0,FAB Savings,Vadik Guitar Practice,Transportation,2025-11-01,2025-11-03 11:29:51.359000+00:00,2025-11-03,2025-11-01,2025-11-03 11:29:51,2025-11-03,Expense,60.0
205,-19.0,FAB Savings,Obsidian,Subscriptions,2025-11-02,2025-11-03 11:30:22.171000+00:00,2025-11-03,2025-11-02,2025-11-03 11:30:22,2025-11-03,Expense,19.0
206,-20.0,FAB Savings,Elevenlabs,Subscriptions,2025-11-02,2025-11-03 11:30:49.801000+00:00,2025-11-03,2025-11-02,2025-11-03 11:30:49,2025-11-03,Expense,20.0
207,-56.0,FAB Savings,Vadik guitar practice to campus,Transportation,2025-11-02,2025-11-03 11:31:15.910000+00:00,2025-11-03,2025-11-02,2025-11-03 11:31:15,2025-11-03,Expense,56.0
208,-75.0,FAB Savings,USB for Music Audio Jazz Bar,Others,2025-11-02,2025-11-03 11:31:43.534000+00:00,2025-11-03,2025-11-02,2025-11-03 11:31:43,2025-11-03,Expense,75.0
209,-34.0,FAB Savings,Jazz Bar back to home,Transportation,2025-11-02,2025-11-03 11:32:05.497000+00:00,2025-11-03,2025-11-02,2025-11-03 11:32:05,2025-11-03,Expense,34.0
210,-57.0,FAB Savings,Emergency Finger Repair Haneen,Transportation,2025-11-03,2025-11-03 11:32:53.463000+00:00,2025-11-03,2025-11-03,2025-11-03 11:32:53,2025-11-03,Expense,57.0
211,-75.0,Mashreq,Mankind perfume ,Health,2025-11-03,2025-11-03 12:44:03.661000+00:00,2025-11-03,2025-11-03,2025-11-03 12:44:03,2025-11-03,Expense,75.0
212,-284.0,Mashreq,Toner and facial wash and sunscreen ,Health,2025-11-03,2025-11-03 12:58:51.222000+00:00,2025-11-03,2025-11-03,2025-11-03 12:58:51,2025-11-03,Expense,284.0
213,-36.0,Mashreq,Falooda Stress Eat,Food,2025-11-03,2025-11-03 22:21:31.629000+00:00,2025-11-03,2025-11-03,2025-11-03 22:21:31,2025-11-03,Expense,36.0
214,-36.0,Mashreq,Adnoc hair gel,Health,2025-11-03,2025-11-03 22:21:47.477000+00:00,2025-11-03,2025-11-03,2025-11-03 22:21:47,2025-11-03,Expense,36.0
215,-1250.0,FAB Credit,Tile Cost,Maintenance,2025-11-05,2025-11-05 16:04:37.138000+00:00,2025-11-05,2025-11-05,2025-11-05 16:04:37,2025-11-05,Expense,1250.0
216,899.13,Tabby,Hood Tales Cutscenes,Income,2025-11-06,2025-11-06 06:26:35.594000+00:00,2025-11-06,2025-11-06,2025-11-06 06:26:35,2025-11-06,Income,899.13
217,-80.8,Mashreq,Cursor Usage,Subscriptions,2025-11-06,2025-11-06 08:50:53.172000+00:00,2025-11-06,2025-11-06,2025-11-06 08:50:53,2025-11-06,Expense,80.8
218,-72.0,Tabby,Papa Roti Bread and Milkshake,Food,2025-11-05,2025-11-06 08:51:49.981000+00:00,2025-11-06,2025-11-05,2025-11-06 08:51:49,2025-11-06,Expense,72.0
219,-80.0,FAB Savings,To Campus,Transportation,2025-11-05,2025-11-06 08:53:37.978000+00:00,2025-11-06,2025-11-05,2025-11-06 08:53:37,2025-11-06,Expense,80.0
220,-60.0,FAB Savings,Campus back to Home,Transportation,2025-11-05,2025-11-06 08:54:04.361000+00:00,2025-11-06,2025-11-05,2025-11-06 08:54:04,2025-11-06,Expense,60.0
221,548.0,FAB Savings,Stocks Sell,Income,2025-11-05,2025-11-06 08:54:25.075000+00:00,2025-11-06,2025-11-05,2025-11-06 08:54:25,2025-11-06,Income,548.0
222,-87.0,FAB Savings,Talabat Post Paid,Food,2025-11-06,2025-11-06 08:55:13.357000+00:00,2025-11-06,2025-11-06,2025-11-06 08:55:13,2025-11-06,Expense,87.0
223,-13.0,Tabby,Taxi to WTC to check plants,Transportation,2025-11-05,2025-11-06 08:56:31.188000+00:00,2025-11-06,2025-11-05,2025-11-06 08:56:31,2025-11-06,Expense,13.0
224,-38.0,FAB Savings,Food on campus CS,Food,2025-11-06,2025-11-06 08:56:58.315000+00:00,2025-11-06,2025-11-06,2025-11-06 08:56:58,2025-11-06,Expense,38.0
225,-102.0,FAB Credit,Flight Seat Change for Stef,Transportation,2025-11-06,2025-11-06 11:27:25.360000+00:00,2025-11-06,2025-11-06,2025-11-06 11:27:25,2025-11-06,Expense,102.0
226,-29.0,FAB Savings,Talabat ,Food,2025-11-07,2025-11-07 08:59:36.101000+00:00,2025-11-07,2025-11-07,2025-11-07 08:59:36,2025-11-07,Expense,29.0
227,-541.0,Tabby,Date with Li at Cantonese Duck,Food,2025-11-07,2025-11-09 17:54:56.176000+00:00,2025-11-09,2025-11-07,2025-11-09 17:54:56,2025-11-09,Expense,541.0
228,-27.0,Tabby,Taxi,Transportation,2025-11-07,2025-11-09 17:55:24.026000+00:00,2025-11-09,2025-11-07,2025-11-09 17:55:24,2025-11-09,Expense,27.0
229,-5.0,Tabby,ADNOC milk,Food,2025-11-08,2025-11-09 17:55:41.673000+00:00,2025-11-09,2025-11-08,2025-11-09 17:55:41,2025-11-09,Expense,5.0
230,-18.0,Tabby,Bread Stress Eat,Food,2025-11-08,2025-11-09 17:56:17.105000+00:00,2025-11-09,2025-11-08,2025-11-09 17:56:17,2025-11-09,Expense,18.0
231,-69.0,Tabby,Bathroom Mirror,Maintenance,2025-11-08,2025-11-09 17:56:52.239000+00:00,2025-11-09,2025-11-08,2025-11-09 17:56:52,2025-11-09,Expense,69.0
232,-99.0,Mashreq,Phone Cover,Maintenance,2025-11-08,2025-11-09 20:28:05.277000+00:00,2025-11-09,2025-11-08,2025-11-09 20:28:05,2025-11-09,Expense,99.0
233,-37.0,FAB Savings,Talabat Post Paid,Food,2025-11-08,2025-11-09 20:30:14.107000+00:00,2025-11-09,2025-11-08,2025-11-09 20:30:14,2025-11-09,Expense,37.0
234,-31.0,FAB Savings,Talabat Post Paid,Food,2025-11-09,2025-11-09 20:30:33.794000+00:00,2025-11-09,2025-11-09,2025-11-09 20:30:33,2025-11-09,Expense,31.0
235,-8.5,FAB Savings,Water,Food,2025-11-09,2025-11-09 20:30:54.939000+00:00,2025-11-09,2025-11-09,2025-11-09 20:30:54,2025-11-09,Expense,8.5
236,-55.09,Al Hilal,Move AI,Subscriptions,2025-11-09,2025-11-09 20:37:13.301000+00:00,2025-11-09,2025-11-09,2025-11-09 20:37:13,2025-11-09,Expense,55.09
237,-15.0,FAB Savings,GitHub ,Subscriptions,2025-11-10,2025-11-10 03:57:21.568000+00:00,2025-11-10,2025-11-10,2025-11-10 03:57:21,2025-11-10,Expense,15.0
238,-40.5,Al Hilal,Yango to campus ,Transportation,2025-11-10,2025-11-10 05:25:58.328000+00:00,2025-11-10,2025-11-10,2025-11-10 05:25:58,2025-11-10,Expense,40.5
239,-19.0,Tabby,Zinger wraps,Food,2025-11-10,2025-11-10 05:26:20.708000+00:00,2025-11-10,2025-11-10,2025-11-10 05:26:20,2025-11-10,Expense,19.0
240,-84.0,FAB Savings,Talabat post paid ,Food,2025-11-10,2025-11-10 08:12:23.048000+00:00,2025-11-10,2025-11-10,2025-11-10 08:12:23,2025-11-10,Expense,84.0
241,-21.0,Tabby,Donut stress eat,Food,2025-11-11,2025-11-11 13:19:20.082000+00:00,2025-11-11,2025-11-11,2025-11-11 13:19:20,2025-11-11,Expense,21.0
242,-1500.0,FAB Savings,Guitar amp payment to Linfeng,Entertainment,2025-11-11,2025-11-11 18:24:28.228000+00:00,2025-11-11,2025-11-11,2025-11-11 18:24:28,2025-11-11,Expense,1500.0
243,-24.0,Tabby,Coffee,Food,2025-11-12,2025-11-12 07:09:31.555000+00:00,2025-11-12,2025-11-12,2025-11-12 07:09:31,2025-11-12,Expense,24.0
244,-85.0,FAB Savings,Talabat post payment ,Food,2025-11-12,2025-11-12 09:34:43.627000+00:00,2025-11-12,2025-11-12,2025-11-12 09:34:43,2025-11-12,Expense,85.0
245,-19.0,Tabby,Wraps convenience store ,Food,2025-11-12,2025-11-12 11:00:57.279000+00:00,2025-11-12,2025-11-12,2025-11-12 11:00:57,2025-11-12,Expense,19.0
246,-697.0,Tabby,Wifi Bill ,Subscriptions,2025-11-12,2025-11-12 16:16:34.439000+00:00,2025-11-12,2025-11-12,2025-11-12 16:16:34,2025-11-12,Expense,697.0
247,321.0,FAB Savings,Concur,Income,2025-11-12,2025-11-12 16:16:54.434000+00:00,2025-11-12,2025-11-12,2025-11-12 16:16:54,2025-11-12,Income,321.0
248,-32.0,FAB Savings,ADNOC stress eat ,Food,2025-11-13,2025-11-13 06:19:11.936000+00:00,2025-11-13,2025-11-13,2025-11-13 06:19:11,2025-11-13,Expense,32.0
249,-55.0,Tabby,Uber to campus ,Transportation,2025-11-13,2025-11-13 06:19:42.428000+00:00,2025-11-13,2025-11-13,2025-11-13 06:19:42,2025-11-13,Expense,55.0
250,-48.0,Mashreq,D2 food,Food,2025-11-13,2025-11-13 06:31:24.639000+00:00,2025-11-13,2025-11-13,2025-11-13 06:31:24,2025-11-13,Expense,48.0
251,-18.0,FAB Savings,D2 coffee,Food,2025-11-13,2025-11-13 13:29:41.778000+00:00,2025-11-13,2025-11-13,2025-11-13 13:29:41,2025-11-13,Expense,18.0
252,-106.0,Al Hilal,Lanzhou Beef Noodles with Lingfen,Food,2025-11-14,2025-11-14 18:50:34.643000+00:00,2025-11-14,2025-11-14,2025-11-14 18:50:34,2025-11-14,Expense,106.0
253,-44.08,Mashreq,ExpressVPN,Subscriptions,2025-11-15,2025-11-15 06:56:39.625000+00:00,2025-11-15,2025-11-15,2025-11-15 06:56:39,2025-11-15,Expense,44.08
254,-18.0,FAB Savings,Todoist ,Subscriptions,2025-11-15,2025-11-15 20:15:33.769000+00:00,2025-11-15,2025-11-15,2025-11-15 20:15:33,2025-11-15,Expense,18.0
255,-26.0,Tabby,Lanzhou Beef Noodle taxi with Lingfeng ,Transportation,2025-11-14,2025-11-15 20:18:09.348000+00:00,2025-11-15,2025-11-14,2025-11-15 20:18:09,2025-11-15,Expense,26.0
256,-39.0,Al Hilal,Lingfeng back to campus taxi,Transportation,2025-11-15,2025-11-15 20:19:21.088000+00:00,2025-11-15,2025-11-15,2025-11-15 20:19:21,2025-11-15,Expense,39.0
257,-73.0,Tabby,Lu LU olive oil and aluminum foil ,Food,2025-11-15,2025-11-15 20:19:55.228000+00:00,2025-11-15,2025-11-15,2025-11-15 20:19:55,2025-11-15,Expense,73.0
258,-55.0,Tabby,Chicken breasts 3 pack,Food,2025-11-15,2025-11-15 20:20:15.180000+00:00,2025-11-15,2025-11-15,2025-11-15 20:20:15,2025-11-15,Expense,55.0
259,-5.0,Tabby,Baqala Snack,Food,2025-11-15,2025-11-23 11:17:48.872000+00:00,2025-11-23,2025-11-15,2025-11-23 11:17:48,2025-11-23,Expense,5.0
260,-52.0,Tabby,Ikea Food,Food,2025-11-15,2025-11-23 11:20:19.355000+00:00,2025-11-23,2025-11-15,2025-11-23 11:20:19,2025-11-23,Expense,52.0
261,-40.0,Tabby,Walk Eating ADNOC,Food,2025-11-17,2025-11-23 11:20:41.917000+00:00,2025-11-23,2025-11-17,2025-11-23 11:20:41,2025-11-23,Expense,40.0
262,-54.0,Tabby,Uber to Campus,Transportation,2025-11-17,2025-11-23 11:21:02.966000+00:00,2025-11-23,2025-11-17,2025-11-23 11:21:02,2025-11-23,Expense,54.0
263,-31.0,Tabby,D2 Breakfast,Food,2025-11-17,2025-11-23 11:21:22.831000+00:00,2025-11-23,2025-11-17,2025-11-23 11:21:22,2025-11-23,Expense,31.0
264,-38.0,Tabby,Matcha at NYU,Food,2025-11-17,2025-11-23 11:21:52.207000+00:00,2025-11-23,2025-11-17,2025-11-23 11:21:52,2025-11-23,Expense,38.0
265,-12.0,Tabby,ADNOC walk eat,Food,2025-11-18,2025-11-23 11:22:07.527000+00:00,2025-11-23,2025-11-18,2025-11-23 11:22:07,2025-11-23,Expense,12.0
266,-40.0,Tabby,ADNOC Walk Eat,Food,2025-11-19,2025-11-23 11:22:27.895000+00:00,2025-11-23,2025-11-19,2025-11-23 11:22:27,2025-11-23,Expense,40.0
267,-55.0,Tabby,Uber to Campus,Transportation,2025-11-19,2025-11-23 11:23:48.024000+00:00,2025-11-23,2025-11-19,2025-11-23 11:23:48,2025-11-23,Expense,55.0
268,-28.0,Tabby,IKEA Hot Dog,Food,2025-11-20,2025-11-23 11:24:07.183000+00:00,2025-11-23,2025-11-20,2025-11-23 11:24:07,2025-11-23,Expense,28.0
269,-41.0,Tabby,Chicken Breast,Food,2025-11-21,2025-11-23 11:24:33.747000+00:00,2025-11-23,2025-11-21,2025-11-23 11:24:33,2025-11-23,Expense,41.0
270,-31.0,Tabby,Fish at Manila Pinoy,Food,2025-11-21,2025-11-23 11:24:52.339000+00:00,2025-11-23,2025-11-21,2025-11-23 11:24:52,2025-11-23,Expense,31.0
271,-5.0,Tabby,Ice Tea at ADNOC during Walk,Food,2025-11-22,2025-11-23 11:25:20.010000+00:00,2025-11-23,2025-11-22,2025-11-23 11:25:20,2025-11-23,Expense,5.0
272,-17.0,Tabby,Taxi Back Home,Transportation,2025-11-22,2025-11-23 11:25:33.464000+00:00,2025-11-23,2025-11-22,2025-11-23 11:25:33,2025-11-23,Expense,17.0
273,-38.0,FAB Savings,Google One,Subscriptions,2025-11-17,2025-11-23 11:26:38.705000+00:00,2025-11-23,2025-11-17,2025-11-23 11:26:38,2025-11-23,Expense,38.0
274,-50.0,FAB Savings,Etisalat Recharge,Maintenance,2025-11-18,2025-11-23 11:27:05.828000+00:00,2025-11-23,2025-11-18,2025-11-23 11:27:05,2025-11-23,Expense,50.0
275,-17.0,FAB Savings,Taxi Back home,Transportation,2025-11-19,2025-11-23 11:27:25.377000+00:00,2025-11-23,2025-11-19,2025-11-23 11:27:25,2025-11-23,Expense,17.0
276,-82.0,Tabby,Black Matte Wallpaper for Washroom,Maintenance,2025-11-19,2025-11-23 11:28:30.178000+00:00,2025-11-23,2025-11-19,2025-11-23 11:28:30,2025-11-23,Expense,82.0
277,-48.0,FAB Savings,Eating On Campus,Food,2025-11-19,2025-11-23 11:29:50.153000+00:00,2025-11-23,2025-11-19,2025-11-23 11:29:50,2025-11-23,Expense,48.0
278,-38.0,FAB Savings,Eating On Campus,Food,2025-11-20,2025-11-23 11:30:12.263000+00:00,2025-11-23,2025-11-20,2025-11-23 11:30:12,2025-11-23,Expense,38.0
279,-32.0,FAB Savings,Matcha at NYU,Food,2025-11-20,2025-11-23 11:30:31.172000+00:00,2025-11-23,2025-11-20,2025-11-23 11:30:31,2025-11-23,Expense,32.0
280,-140.0,FAB Savings,Hotel Booking for Mom and Dad,Others,2025-11-20,2025-11-23 11:30:57.965000+00:00,2025-11-23,2025-11-20,2025-11-23 11:30:57,2025-11-23,Expense,140.0
281,-29.0,FAB Savings,ADNOC Walk Eat,Food,2025-11-22,2025-11-23 11:31:32.007000+00:00,2025-11-23,2025-11-22,2025-11-23 11:31:32,2025-11-23,Expense,29.0
282,-7.0,FAB Credit,ADNOC Walk Eat,Food,2025-11-23,2025-11-23 11:31:43.733000+00:00,2025-11-23,2025-11-23,2025-11-23 11:31:43,2025-11-23,Expense,7.0
283,-25.0,FAB Credit,Orange Juice Grandiose Walk Eat,Food,2025-11-23,2025-11-23 11:32:03.476000+00:00,2025-11-23,2025-11-23,2025-11-23 11:32:03,2025-11-23,Expense,25.0
284,-20.0,FAB Credit,Taxi Back Home from Reem,Transportation,2025-11-23,2025-11-23 11:32:33.933000+00:00,2025-11-23,2025-11-23,2025-11-23 11:32:33,2025-11-23,Expense,20.0
285,-15.0,FAB Credit,Adnoc Hot Dog,Food,2025-11-23,2025-11-23 11:32:47.874000+00:00,2025-11-23,2025-11-23,2025-11-23 11:32:47,2025-11-23,Expense,15.0
286,-8.5,FAB Credit,Water,Food,2025-11-23,2025-11-23 11:32:59.451000+00:00,2025-11-23,2025-11-23,2025-11-23 11:32:59,2025-11-23,Expense,8.5
287,-520.0,Al Hilal,Washroom Wallpaper Order,Maintenance,2025-11-16,2025-11-23 11:34:45.153000+00:00,2025-11-23,2025-11-16,2025-11-23 11:34:45,2025-11-23,Expense,520.0
288,-500.0,Mashreq,Washroom Maintenance Payment,Maintenance,2025-11-16,2025-11-23 11:36:26.341000+00:00,2025-11-23,2025-11-16,2025-11-23 11:36:26,2025-11-23,Expense,500.0
289,-74.0,Mashreq,Cursor Subscription,Subscriptions,2025-11-18,2025-11-23 11:36:51.727000+00:00,2025-11-23,2025-11-18,2025-11-23 11:36:51,2025-11-23,Expense,74.0
290,-125.0,Mashreq,Instagram Ad,Others,2025-11-19,2025-11-23 11:37:33.762000+00:00,2025-11-23,2025-11-19,2025-11-23 11:37:33,2025-11-23,Expense,125.0
291,-99.0,Mashreq,Cursor Coding API Over usage,Subscriptions,2025-11-19,2025-11-23 11:38:12.822000+00:00,2025-11-23,2025-11-19,2025-11-23 11:38:12,2025-11-23,Expense,99.0
292,-1816.25,FAB Savings,"Actual Net Worth Readjustment ... Tracker says I have 2,234.25 ... But I only have 418 in total now",Others,2025-11-23,2025-11-23 11:43:29.936000+00:00,2025-11-23,2025-11-23,2025-11-23 11:43:29,2025-11-23,Expense,1816.25
293,-106.52,Al Hilal,Higgsfield AI,Subscriptions,2025-11-24,2025-11-24 22:21:57.132000+00:00,2025-11-24,2025-11-24,2025-11-24 22:21:57,2025-11-24,Expense,106.52
